REGION,FUEL,YEAR,VALUE
RE1,OIL,2022,0.0
RE1,OIL,2023,0.0
RE1,OIL,2024,0.0
RE1,OIL,2025,0.0
RE1,OIL,2026,0.0
RE1,OIL,2027,0.0
RE1,OIL,2028,0.0
RE1,OIL,2029,0.0
RE1,OIL,2030,0.0
RE1,OIL,2031,0.0
RE1,OIL,2032,0.0
RE1,OIL,2033,0.0
RE1,OIL,2034,0.0
RE1,OIL,2035,0.0
RE1,OIL,2036,0.0
RE1,OIL,2037,0.0
RE1,OIL,2038,0.0
RE1,OIL,2039,0.0
RE1,OIL,2040,0.0
RE1,OIL,2041,0.0
RE1,OIL,2042,0.0
RE1,OIL,2043,0.0
RE1,OIL,2044,0.0
RE1,OIL,2045,0.0
RE1,OIL,2046,0.0
RE1,OIL,2047,0.0
RE1,OIL,2048,0.0
RE1,OIL,2049,0.0
RE1,OIL,2050,0.0
RE1,OIL,2051,0.0
RE1,OIL,2052,0.0
RE1,OIL,2053,0.0
RE1,OIL,2054,0.0
RE1,COA,2022,0.0
RE1,COA,2023,0.0
RE1,COA,2024,0.0
RE1,COA,2025,0.0
RE1,COA,2026,0.0
RE1,COA,2027,0.0
RE1,COA,2028,0.0
RE1,COA,2029,0.0
RE1,COA,2030,0.0
RE1,COA,2031,0.0
RE1,COA,2032,0.0
RE1,COA,2033,0.0
RE1,COA,2034,0.0
RE1,COA,2035,0.0
RE1,COA,2036,0.0
RE1,COA,2037,0.0
RE1,COA,2038,0.0
RE1,COA,2039,0.0
RE1,COA,2040,0.0
RE1,COA,2041,0.0
RE1,COA,2042,0.0
RE1,COA,2043,0.0
RE1,COA,2044,0.0
RE1,COA,2045,0.0
RE1,COA,2046,0.0
RE1,COA,2047,0.0
RE1,COA,2048,0.0
RE1,COA,2049,0.0
RE1,COA,2050,0.0
RE1,COA,2051,0.0
RE1,COA,2052,0.0
RE1,COA,2053,0.0
RE1,COA,2054,0.0
RE1,DSL,2022,0.0
RE1,DSL,2023,0.0
RE1,DSL,2024,0.0
RE1,DSL,2025,0.0
RE1,DSL,2026,0.0
RE1,DSL,2027,0.0
RE1,DSL,2028,0.0
RE1,DSL,2029,0.0
RE1,DSL,2030,0.0
RE1,DSL,2031,0.0
RE1,DSL,2032,0.0
RE1,DSL,2033,0.0
RE1,DSL,2034,0.0
RE1,DSL,2035,0.0
RE1,DSL,2036,0.0
RE1,DSL,2037,0.0
RE1,DSL,2038,0.0
RE1,DSL,2039,0.0
RE1,DSL,2040,0.0
RE1,DSL,2041,0.0
RE1,DSL,2042,0.0
RE1,DSL,2043,0.0
RE1,DSL,2044,0.0
RE1,DSL,2045,0.0
RE1,DSL,2046,0.0
RE1,DSL,2047,0.0
RE1,DSL,2048,0.0
RE1,DSL,2049,0.0
RE1,DSL,2050,0.0
RE1,DSL,2051,0.0
RE1,DSL,2052,0.0
RE1,DSL,2053,0.0
RE1,DSL,2054,0.0
RE1,GSL,2022,0.0
RE1,GSL,2023,0.0
RE1,GSL,2024,0.0
RE1,GSL,2025,0.0
RE1,GSL,2026,0.0
RE1,GSL,2027,0.0
RE1,GSL,2028,0.0
RE1,GSL,2029,0.0
RE1,GSL,2030,0.0
RE1,GSL,2031,0.0
RE1,GSL,2032,0.0
RE1,GSL,2033,0.0
RE1,GSL,2034,0.0
RE1,GSL,2035,0.0
RE1,GSL,2036,0.0
RE1,GSL,2037,0.0
RE1,GSL,2038,0.0
RE1,GSL,2039,0.0
RE1,GSL,2040,0.0
RE1,GSL,2041,0.0
RE1,GSL,2042,0.0
RE1,GSL,2043,0.0
RE1,GSL,2044,0.0
RE1,GSL,2045,0.0
RE1,GSL,2046,0.0
RE1,GSL,2047,0.0
RE1,GSL,2048,0.0
RE1,GSL,2049,0.0
RE1,GSL,2050,0.0
RE1,GSL,2051,0.0
RE1,GSL,2052,0.0
RE1,GSL,2053,0.0
RE1,GSL,2054,0.0
RE1,NGS,2022,0.0
RE1,NGS,2023,0.0
RE1,NGS,2024,0.0
RE1,NGS,2025,0.0
RE1,NGS,2026,0.0
RE1,NGS,2027,0.0
RE1,NGS,2028,0.0
RE1,NGS,2029,0.0
RE1,NGS,2030,0.0
RE1,NGS,2031,0.0
RE1,NGS,2032,0.0
RE1,NGS,2033,0.0
RE1,NGS,2034,0.0
RE1,NGS,2035,0.0
RE1,NGS,2036,0.0
RE1,NGS,2037,0.0
RE1,NGS,2038,0.0
RE1,NGS,2039,0.0
RE1,NGS,2040,0.0
RE1,NGS,2041,0.0
RE1,NGS,2042,0.0
RE1,NGS,2043,0.0
RE1,NGS,2044,0.0
RE1,NGS,2045,0.0
RE1,NGS,2046,0.0
RE1,NGS,2047,0.0
RE1,NGS,2048,0.0
RE1,NGS,2049,0.0
RE1,NGS,2050,0.0
RE1,NGS,2051,0.0
RE1,NGS,2052,0.0
RE1,NGS,2053,0.0
RE1,NGS,2054,0.0
RE1,FOL,2022,0.0
RE1,FOL,2023,0.0
RE1,FOL,2024,0.0
RE1,FOL,2025,0.0
RE1,FOL,2026,0.0
RE1,FOL,2027,0.0
RE1,FOL,2028,0.0
RE1,FOL,2029,0.0
RE1,FOL,2030,0.0
RE1,FOL,2031,0.0
RE1,FOL,2032,0.0
RE1,FOL,2033,0.0
RE1,FOL,2034,0.0
RE1,FOL,2035,0.0
RE1,FOL,2036,0.0
RE1,FOL,2037,0.0
RE1,FOL,2038,0.0
RE1,FOL,2039,0.0
RE1,FOL,2040,0.0
RE1,FOL,2041,0.0
RE1,FOL,2042,0.0
RE1,FOL,2043,0.0
RE1,FOL,2044,0.0
RE1,FOL,2045,0.0
RE1,FOL,2046,0.0
RE1,FOL,2047,0.0
RE1,FOL,2048,0.0
RE1,FOL,2049,0.0
RE1,FOL,2050,0.0
RE1,FOL,2051,0.0
RE1,FOL,2052,0.0
RE1,FOL,2053,0.0
RE1,FOL,2054,0.0
RE1,SOL,2022,0.0
RE1,SOL,2023,0.0
RE1,SOL,2024,0.0
RE1,SOL,2025,0.0
RE1,SOL,2026,0.0
RE1,SOL,2027,0.0
RE1,SOL,2028,0.0
RE1,SOL,2029,0.0
RE1,SOL,2030,0.0
RE1,SOL,2031,0.0
RE1,SOL,2032,0.0
RE1,SOL,2033,0.0
RE1,SOL,2034,0.0
RE1,SOL,2035,0.0
RE1,SOL,2036,0.0
RE1,SOL,2037,0.0
RE1,SOL,2038,0.0
RE1,SOL,2039,0.0
RE1,SOL,2040,0.0
RE1,SOL,2041,0.0
RE1,SOL,2042,0.0
RE1,SOL,2043,0.0
RE1,SOL,2044,0.0
RE1,SOL,2045,0.0
RE1,SOL,2046,0.0
RE1,SOL,2047,0.0
RE1,SOL,2048,0.0
RE1,SOL,2049,0.0
RE1,SOL,2050,0.0
RE1,SOL,2051,0.0
RE1,SOL,2052,0.0
RE1,SOL,2053,0.0
RE1,SOL,2054,0.0
RE1,URN,2022,0.0
RE1,URN,2023,0.0
RE1,URN,2024,0.0
RE1,URN,2025,0.0
RE1,URN,2026,0.0
RE1,URN,2027,0.0
RE1,URN,2028,0.0
RE1,URN,2029,0.0
RE1,URN,2030,0.0
RE1,URN,2031,0.0
RE1,URN,2032,0.0
RE1,URN,2033,0.0
RE1,URN,2034,0.0
RE1,URN,2035,0.0
RE1,URN,2036,0.0
RE1,URN,2037,0.0
RE1,URN,2038,0.0
RE1,URN,2039,0.0
RE1,URN,2040,0.0
RE1,URN,2041,0.0
RE1,URN,2042,0.0
RE1,URN,2043,0.0
RE1,URN,2044,0.0
RE1,URN,2045,0.0
RE1,URN,2046,0.0
RE1,URN,2047,0.0
RE1,URN,2048,0.0
RE1,URN,2049,0.0
RE1,URN,2050,0.0
RE1,URN,2051,0.0
RE1,URN,2052,0.0
RE1,URN,2053,0.0
RE1,URN,2054,0.0
RE1,LPG,2022,0.0
RE1,LPG,2023,0.0
RE1,LPG,2024,0.0
RE1,LPG,2025,0.0
RE1,LPG,2026,0.0
RE1,LPG,2027,0.0
RE1,LPG,2028,0.0
RE1,LPG,2029,0.0
RE1,LPG,2030,0.0
RE1,LPG,2031,0.0
RE1,LPG,2032,0.0
RE1,LPG,2033,0.0
RE1,LPG,2034,0.0
RE1,LPG,2035,0.0
RE1,LPG,2036,0.0
RE1,LPG,2037,0.0
RE1,LPG,2038,0.0
RE1,LPG,2039,0.0
RE1,LPG,2040,0.0
RE1,LPG,2041,0.0
RE1,LPG,2042,0.0
RE1,LPG,2043,0.0
RE1,LPG,2044,0.0
RE1,LPG,2045,0.0
RE1,LPG,2046,0.0
RE1,LPG,2047,0.0
RE1,LPG,2048,0.0
RE1,LPG,2049,0.0
RE1,LPG,2050,0.0
RE1,LPG,2051,0.0
RE1,LPG,2052,0.0
RE1,LPG,2053,0.0
RE1,LPG,2054,0.0
RE1,GEO,2022,0.0
RE1,GEO,2023,0.0
RE1,GEO,2024,0.0
RE1,GEO,2025,0.0
RE1,GEO,2026,0.0
RE1,GEO,2027,0.0
RE1,GEO,2028,0.0
RE1,GEO,2029,0.0
RE1,GEO,2030,0.0
RE1,GEO,2031,0.0
RE1,GEO,2032,0.0
RE1,GEO,2033,0.0
RE1,GEO,2034,0.0
RE1,GEO,2035,0.0
RE1,GEO,2036,0.0
RE1,GEO,2037,0.0
RE1,GEO,2038,0.0
RE1,GEO,2039,0.0
RE1,GEO,2040,0.0
RE1,GEO,2041,0.0
RE1,GEO,2042,0.0
RE1,GEO,2043,0.0
RE1,GEO,2044,0.0
RE1,GEO,2045,0.0
RE1,GEO,2046,0.0
RE1,GEO,2047,0.0
RE1,GEO,2048,0.0
RE1,GEO,2049,0.0
RE1,GEO,2050,0.0
RE1,GEO,2051,0.0
RE1,GEO,2052,0.0
RE1,GEO,2053,0.0
RE1,GEO,2054,0.0
RE1,JET,2022,0.0
RE1,JET,2023,0.0
RE1,JET,2024,0.0
RE1,JET,2025,0.0
RE1,JET,2026,0.0
RE1,JET,2027,0.0
RE1,JET,2028,0.0
RE1,JET,2029,0.0
RE1,JET,2030,0.0
RE1,JET,2031,0.0
RE1,JET,2032,0.0
RE1,JET,2033,0.0
RE1,JET,2034,0.0
RE1,JET,2035,0.0
RE1,JET,2036,0.0
RE1,JET,2037,0.0
RE1,JET,2038,0.0
RE1,JET,2039,0.0
RE1,JET,2040,0.0
RE1,JET,2041,0.0
RE1,JET,2042,0.0
RE1,JET,2043,0.0
RE1,JET,2044,0.0
RE1,JET,2045,0.0
RE1,JET,2046,0.0
RE1,JET,2047,0.0
RE1,JET,2048,0.0
RE1,JET,2049,0.0
RE1,JET,2050,0.0
RE1,JET,2051,0.0
RE1,JET,2052,0.0
RE1,JET,2053,0.0
RE1,JET,2054,0.0
RE1,LNG,2022,0.0
RE1,LNG,2023,0.0
RE1,LNG,2024,0.0
RE1,LNG,2025,0.0
RE1,LNG,2026,0.0
RE1,LNG,2027,0.0
RE1,LNG,2028,0.0
RE1,LNG,2029,0.0
RE1,LNG,2030,0.0
RE1,LNG,2031,0.0
RE1,LNG,2032,0.0
RE1,LNG,2033,0.0
RE1,LNG,2034,0.0
RE1,LNG,2035,0.0
RE1,LNG,2036,0.0
RE1,LNG,2037,0.0
RE1,LNG,2038,0.0
RE1,LNG,2039,0.0
RE1,LNG,2040,0.0
RE1,LNG,2041,0.0
RE1,LNG,2042,0.0
RE1,LNG,2043,0.0
RE1,LNG,2044,0.0
RE1,LNG,2045,0.0
RE1,LNG,2046,0.0
RE1,LNG,2047,0.0
RE1,LNG,2048,0.0
RE1,LNG,2049,0.0
RE1,LNG,2050,0.0
RE1,LNG,2051,0.0
RE1,LNG,2052,0.0
RE1,LNG,2053,0.0
RE1,LNG,2054,0.0
RE1,ELC,2022,0.0
RE1,ELC,2023,0.0
RE1,ELC,2024,0.0
RE1,ELC,2025,0.0
RE1,ELC,2026,0.0
RE1,ELC,2027,0.0
RE1,ELC,2028,0.0
RE1,ELC,2029,0.0
RE1,ELC,2030,0.0
RE1,ELC,2031,0.0
RE1,ELC,2032,0.0
RE1,ELC,2033,0.0
RE1,ELC,2034,0.0
RE1,ELC,2035,0.0
RE1,ELC,2036,0.0
RE1,ELC,2037,0.0
RE1,ELC,2038,0.0
RE1,ELC,2039,0.0
RE1,ELC,2040,0.0
RE1,ELC,2041,0.0
RE1,ELC,2042,0.0
RE1,ELC,2043,0.0
RE1,ELC,2044,0.0
RE1,ELC,2045,0.0
RE1,ELC,2046,0.0
RE1,ELC,2047,0.0
RE1,ELC,2048,0.0
RE1,ELC,2049,0.0
RE1,ELC,2050,0.0
RE1,ELC,2051,0.0
RE1,ELC,2052,0.0
RE1,ELC,2053,0.0
RE1,ELC,2054,0.0
RE1,ELC002,2022,0.0
RE1,ELC002,2023,0.0
RE1,ELC002,2024,0.0
RE1,ELC002,2025,0.0
RE1,ELC002,2026,0.0
RE1,ELC002,2027,0.0
RE1,ELC002,2028,0.0
RE1,ELC002,2029,0.0
RE1,ELC002,2030,0.0
RE1,ELC002,2031,0.0
RE1,ELC002,2032,0.0
RE1,ELC002,2033,0.0
RE1,ELC002,2034,0.0
RE1,ELC002,2035,0.0
RE1,ELC002,2036,0.0
RE1,ELC002,2037,0.0
RE1,ELC002,2038,0.0
RE1,ELC002,2039,0.0
RE1,ELC002,2040,0.0
RE1,ELC002,2041,0.0
RE1,ELC002,2042,0.0
RE1,ELC002,2043,0.0
RE1,ELC002,2044,0.0
RE1,ELC002,2045,0.0
RE1,ELC002,2046,0.0
RE1,ELC002,2047,0.0
RE1,ELC002,2048,0.0
RE1,ELC002,2049,0.0
RE1,ELC002,2050,0.0
RE1,ELC002,2051,0.0
RE1,ELC002,2052,0.0
RE1,ELC002,2053,0.0
RE1,ELC002,2054,0.0
RE1,INDDHT,2022,0.0
RE1,INDDHT,2023,0.0
RE1,INDDHT,2024,0.0
RE1,INDDHT,2025,0.0
RE1,INDDHT,2026,0.0
RE1,INDDHT,2027,0.0
RE1,INDDHT,2028,0.0
RE1,INDDHT,2029,0.0
RE1,INDDHT,2030,0.0
RE1,INDDHT,2031,0.0
RE1,INDDHT,2032,0.0
RE1,INDDHT,2033,0.0
RE1,INDDHT,2034,0.0
RE1,INDDHT,2035,0.0
RE1,INDDHT,2036,0.0
RE1,INDDHT,2037,0.0
RE1,INDDHT,2038,0.0
RE1,INDDHT,2039,0.0
RE1,INDDHT,2040,0.0
RE1,INDDHT,2041,0.0
RE1,INDDHT,2042,0.0
RE1,INDDHT,2043,0.0
RE1,INDDHT,2044,0.0
RE1,INDDHT,2045,0.0
RE1,INDDHT,2046,0.0
RE1,INDDHT,2047,0.0
RE1,INDDHT,2048,0.0
RE1,INDDHT,2049,0.0
RE1,INDDHT,2050,0.0
RE1,INDDHT,2051,0.0
RE1,INDDHT,2052,0.0
RE1,INDDHT,2053,0.0
RE1,INDDHT,2054,0.0
RE1,INDIHT,2022,0.0
RE1,INDIHT,2023,0.0
RE1,INDIHT,2024,0.0
RE1,INDIHT,2025,0.0
RE1,INDIHT,2026,0.0
RE1,INDIHT,2027,0.0
RE1,INDIHT,2028,0.0
RE1,INDIHT,2029,0.0
RE1,INDIHT,2030,0.0
RE1,INDIHT,2031,0.0
RE1,INDIHT,2032,0.0
RE1,INDIHT,2033,0.0
RE1,INDIHT,2034,0.0
RE1,INDIHT,2035,0.0
RE1,INDIHT,2036,0.0
RE1,INDIHT,2037,0.0
RE1,INDIHT,2038,0.0
RE1,INDIHT,2039,0.0
RE1,INDIHT,2040,0.0
RE1,INDIHT,2041,0.0
RE1,INDIHT,2042,0.0
RE1,INDIHT,2043,0.0
RE1,INDIHT,2044,0.0
RE1,INDIHT,2045,0.0
RE1,INDIHT,2046,0.0
RE1,INDIHT,2047,0.0
RE1,INDIHT,2048,0.0
RE1,INDIHT,2049,0.0
RE1,INDIHT,2050,0.0
RE1,INDIHT,2051,0.0
RE1,INDIHT,2052,0.0
RE1,INDIHT,2053,0.0
RE1,INDIHT,2054,0.0
RE1,INDMPW,2022,0.0
RE1,INDMPW,2023,0.0
RE1,INDMPW,2024,0.0
RE1,INDMPW,2025,0.0
RE1,INDMPW,2026,0.0
RE1,INDMPW,2027,0.0
RE1,INDMPW,2028,0.0
RE1,INDMPW,2029,0.0
RE1,INDMPW,2030,0.0
RE1,INDMPW,2031,0.0
RE1,INDMPW,2032,0.0
RE1,INDMPW,2033,0.0
RE1,INDMPW,2034,0.0
RE1,INDMPW,2035,0.0
RE1,INDMPW,2036,0.0
RE1,INDMPW,2037,0.0
RE1,INDMPW,2038,0.0
RE1,INDMPW,2039,0.0
RE1,INDMPW,2040,0.0
RE1,INDMPW,2041,0.0
RE1,INDMPW,2042,0.0
RE1,INDMPW,2043,0.0
RE1,INDMPW,2044,0.0
RE1,INDMPW,2045,0.0
RE1,INDMPW,2046,0.0
RE1,INDMPW,2047,0.0
RE1,INDMPW,2048,0.0
RE1,INDMPW,2049,0.0
RE1,INDMPW,2050,0.0
RE1,INDMPW,2051,0.0
RE1,INDMPW,2052,0.0
RE1,INDMPW,2053,0.0
RE1,INDMPW,2054,0.0
RE1,INDILU,2022,0.0
RE1,INDILU,2023,0.0
RE1,INDILU,2024,0.0
RE1,INDILU,2025,0.0
RE1,INDILU,2026,0.0
RE1,INDILU,2027,0.0
RE1,INDILU,2028,0.0
RE1,INDILU,2029,0.0
RE1,INDILU,2030,0.0
RE1,INDILU,2031,0.0
RE1,INDILU,2032,0.0
RE1,INDILU,2033,0.0
RE1,INDILU,2034,0.0
RE1,INDILU,2035,0.0
RE1,INDILU,2036,0.0
RE1,INDILU,2037,0.0
RE1,INDILU,2038,0.0
RE1,INDILU,2039,0.0
RE1,INDILU,2040,0.0
RE1,INDILU,2041,0.0
RE1,INDILU,2042,0.0
RE1,INDILU,2043,0.0
RE1,INDILU,2044,0.0
RE1,INDILU,2045,0.0
RE1,INDILU,2046,0.0
RE1,INDILU,2047,0.0
RE1,INDILU,2048,0.0
RE1,INDILU,2049,0.0
RE1,INDILU,2050,0.0
RE1,INDILU,2051,0.0
RE1,INDILU,2052,0.0
RE1,INDILU,2053,0.0
RE1,INDILU,2054,0.0
RE1,INDOTH,2022,0.0
RE1,INDOTH,2023,0.0
RE1,INDOTH,2024,0.0
RE1,INDOTH,2025,0.0
RE1,INDOTH,2026,0.0
RE1,INDOTH,2027,0.0
RE1,INDOTH,2028,0.0
RE1,INDOTH,2029,0.0
RE1,INDOTH,2030,0.0
RE1,INDOTH,2031,0.0
RE1,INDOTH,2032,0.0
RE1,INDOTH,2033,0.0
RE1,INDOTH,2034,0.0
RE1,INDOTH,2035,0.0
RE1,INDOTH,2036,0.0
RE1,INDOTH,2037,0.0
RE1,INDOTH,2038,0.0
RE1,INDOTH,2039,0.0
RE1,INDOTH,2040,0.0
RE1,INDOTH,2041,0.0
RE1,INDOTH,2042,0.0
RE1,INDOTH,2043,0.0
RE1,INDOTH,2044,0.0
RE1,INDOTH,2045,0.0
RE1,INDOTH,2046,0.0
RE1,INDOTH,2047,0.0
RE1,INDOTH,2048,0.0
RE1,INDOTH,2049,0.0
RE1,INDOTH,2050,0.0
RE1,INDOTH,2051,0.0
RE1,INDOTH,2052,0.0
RE1,INDOTH,2053,0.0
RE1,INDOTH,2054,0.0
RE1,TERDHT,2022,0.0
RE1,TERDHT,2023,0.0
RE1,TERDHT,2024,0.0
RE1,TERDHT,2025,0.0
RE1,TERDHT,2026,0.0
RE1,TERDHT,2027,0.0
RE1,TERDHT,2028,0.0
RE1,TERDHT,2029,0.0
RE1,TERDHT,2030,0.0
RE1,TERDHT,2031,0.0
RE1,TERDHT,2032,0.0
RE1,TERDHT,2033,0.0
RE1,TERDHT,2034,0.0
RE1,TERDHT,2035,0.0
RE1,TERDHT,2036,0.0
RE1,TERDHT,2037,0.0
RE1,TERDHT,2038,0.0
RE1,TERDHT,2039,0.0
RE1,TERDHT,2040,0.0
RE1,TERDHT,2041,0.0
RE1,TERDHT,2042,0.0
RE1,TERDHT,2043,0.0
RE1,TERDHT,2044,0.0
RE1,TERDHT,2045,0.0
RE1,TERDHT,2046,0.0
RE1,TERDHT,2047,0.0
RE1,TERDHT,2048,0.0
RE1,TERDHT,2049,0.0
RE1,TERDHT,2050,0.0
RE1,TERDHT,2051,0.0
RE1,TERDHT,2052,0.0
RE1,TERDHT,2053,0.0
RE1,TERDHT,2054,0.0
RE1,TERIHT,2022,0.0
RE1,TERIHT,2023,0.0
RE1,TERIHT,2024,0.0
RE1,TERIHT,2025,0.0
RE1,TERIHT,2026,0.0
RE1,TERIHT,2027,0.0
RE1,TERIHT,2028,0.0
RE1,TERIHT,2029,0.0
RE1,TERIHT,2030,0.0
RE1,TERIHT,2031,0.0
RE1,TERIHT,2032,0.0
RE1,TERIHT,2033,0.0
RE1,TERIHT,2034,0.0
RE1,TERIHT,2035,0.0
RE1,TERIHT,2036,0.0
RE1,TERIHT,2037,0.0
RE1,TERIHT,2038,0.0
RE1,TERIHT,2039,0.0
RE1,TERIHT,2040,0.0
RE1,TERIHT,2041,0.0
RE1,TERIHT,2042,0.0
RE1,TERIHT,2043,0.0
RE1,TERIHT,2044,0.0
RE1,TERIHT,2045,0.0
RE1,TERIHT,2046,0.0
RE1,TERIHT,2047,0.0
RE1,TERIHT,2048,0.0
RE1,TERIHT,2049,0.0
RE1,TERIHT,2050,0.0
RE1,TERIHT,2051,0.0
RE1,TERIHT,2052,0.0
RE1,TERIHT,2053,0.0
RE1,TERIHT,2054,0.0
RE1,TERMPW,2022,0.0
RE1,TERMPW,2023,0.0
RE1,TERMPW,2024,0.0
RE1,TERMPW,2025,0.0
RE1,TERMPW,2026,0.0
RE1,TERMPW,2027,0.0
RE1,TERMPW,2028,0.0
RE1,TERMPW,2029,0.0
RE1,TERMPW,2030,0.0
RE1,TERMPW,2031,0.0
RE1,TERMPW,2032,0.0
RE1,TERMPW,2033,0.0
RE1,TERMPW,2034,0.0
RE1,TERMPW,2035,0.0
RE1,TERMPW,2036,0.0
RE1,TERMPW,2037,0.0
RE1,TERMPW,2038,0.0
RE1,TERMPW,2039,0.0
RE1,TERMPW,2040,0.0
RE1,TERMPW,2041,0.0
RE1,TERMPW,2042,0.0
RE1,TERMPW,2043,0.0
RE1,TERMPW,2044,0.0
RE1,TERMPW,2045,0.0
RE1,TERMPW,2046,0.0
RE1,TERMPW,2047,0.0
RE1,TERMPW,2048,0.0
RE1,TERMPW,2049,0.0
RE1,TERMPW,2050,0.0
RE1,TERMPW,2051,0.0
RE1,TERMPW,2052,0.0
RE1,TERMPW,2053,0.0
RE1,TERMPW,2054,0.0
RE1,TERREF,2022,0.0
RE1,TERREF,2023,0.0
RE1,TERREF,2024,0.0
RE1,TERREF,2025,0.0
RE1,TERREF,2026,0.0
RE1,TERREF,2027,0.0
RE1,TERREF,2028,0.0
RE1,TERREF,2029,0.0
RE1,TERREF,2030,0.0
RE1,TERREF,2031,0.0
RE1,TERREF,2032,0.0
RE1,TERREF,2033,0.0
RE1,TERREF,2034,0.0
RE1,TERREF,2035,0.0
RE1,TERREF,2036,0.0
RE1,TERREF,2037,0.0
RE1,TERREF,2038,0.0
RE1,TERREF,2039,0.0
RE1,TERREF,2040,0.0
RE1,TERREF,2041,0.0
RE1,TERREF,2042,0.0
RE1,TERREF,2043,0.0
RE1,TERREF,2044,0.0
RE1,TERREF,2045,0.0
RE1,TERREF,2046,0.0
RE1,TERREF,2047,0.0
RE1,TERREF,2048,0.0
RE1,TERREF,2049,0.0
RE1,TERREF,2050,0.0
RE1,TERREF,2051,0.0
RE1,TERREF,2052,0.0
RE1,TERREF,2053,0.0
RE1,TERREF,2054,0.0
RE1,TEROTH,2022,0.0
RE1,TEROTH,2023,0.0
RE1,TEROTH,2024,0.0
RE1,TEROTH,2025,0.0
RE1,TEROTH,2026,0.0
RE1,TEROTH,2027,0.0
RE1,TEROTH,2028,0.0
RE1,TEROTH,2029,0.0
RE1,TEROTH,2030,0.0
RE1,TEROTH,2031,0.0
RE1,TEROTH,2032,0.0
RE1,TEROTH,2033,0.0
RE1,TEROTH,2034,0.0
RE1,TEROTH,2035,0.0
RE1,TEROTH,2036,0.0
RE1,TEROTH,2037,0.0
RE1,TEROTH,2038,0.0
RE1,TEROTH,2039,0.0
RE1,TEROTH,2040,0.0
RE1,TEROTH,2041,0.0
RE1,TEROTH,2042,0.0
RE1,TEROTH,2043,0.0
RE1,TEROTH,2044,0.0
RE1,TEROTH,2045,0.0
RE1,TEROTH,2046,0.0
RE1,TEROTH,2047,0.0
RE1,TEROTH,2048,0.0
RE1,TEROTH,2049,0.0
RE1,TEROTH,2050,0.0
RE1,TEROTH,2051,0.0
RE1,TEROTH,2052,0.0
RE1,TEROTH,2053,0.0
RE1,TEROTH,2054,0.0
RE1,RESDHT_URB,2022,0.0
RE1,RESDHT_URB,2023,0.0
RE1,RESDHT_URB,2024,0.0
RE1,RESDHT_URB,2025,0.0
RE1,RESDHT_URB,2026,0.0
RE1,RESDHT_URB,2027,0.0
RE1,RESDHT_URB,2028,0.0
RE1,RESDHT_URB,2029,0.0
RE1,RESDHT_URB,2030,0.0
RE1,RESDHT_URB,2031,0.0
RE1,RESDHT_URB,2032,0.0
RE1,RESDHT_URB,2033,0.0
RE1,RESDHT_URB,2034,0.0
RE1,RESDHT_URB,2035,0.0
RE1,RESDHT_URB,2036,0.0
RE1,RESDHT_URB,2037,0.0
RE1,RESDHT_URB,2038,0.0
RE1,RESDHT_URB,2039,0.0
RE1,RESDHT_URB,2040,0.0
RE1,RESDHT_URB,2041,0.0
RE1,RESDHT_URB,2042,0.0
RE1,RESDHT_URB,2043,0.0
RE1,RESDHT_URB,2044,0.0
RE1,RESDHT_URB,2045,0.0
RE1,RESDHT_URB,2046,0.0
RE1,RESDHT_URB,2047,0.0
RE1,RESDHT_URB,2048,0.0
RE1,RESDHT_URB,2049,0.0
RE1,RESDHT_URB,2050,0.0
RE1,RESDHT_URB,2051,0.0
RE1,RESDHT_URB,2052,0.0
RE1,RESDHT_URB,2053,0.0
RE1,RESDHT_URB,2054,0.0
RE1,RESWHT_URB,2022,0.0
RE1,RESWHT_URB,2023,0.0
RE1,RESWHT_URB,2024,0.0
RE1,RESWHT_URB,2025,0.0
RE1,RESWHT_URB,2026,0.0
RE1,RESWHT_URB,2027,0.0
RE1,RESWHT_URB,2028,0.0
RE1,RESWHT_URB,2029,0.0
RE1,RESWHT_URB,2030,0.0
RE1,RESWHT_URB,2031,0.0
RE1,RESWHT_URB,2032,0.0
RE1,RESWHT_URB,2033,0.0
RE1,RESWHT_URB,2034,0.0
RE1,RESWHT_URB,2035,0.0
RE1,RESWHT_URB,2036,0.0
RE1,RESWHT_URB,2037,0.0
RE1,RESWHT_URB,2038,0.0
RE1,RESWHT_URB,2039,0.0
RE1,RESWHT_URB,2040,0.0
RE1,RESWHT_URB,2041,0.0
RE1,RESWHT_URB,2042,0.0
RE1,RESWHT_URB,2043,0.0
RE1,RESWHT_URB,2044,0.0
RE1,RESWHT_URB,2045,0.0
RE1,RESWHT_URB,2046,0.0
RE1,RESWHT_URB,2047,0.0
RE1,RESWHT_URB,2048,0.0
RE1,RESWHT_URB,2049,0.0
RE1,RESWHT_URB,2050,0.0
RE1,RESWHT_URB,2051,0.0
RE1,RESWHT_URB,2052,0.0
RE1,RESWHT_URB,2053,0.0
RE1,RESWHT_URB,2054,0.0
RE1,RESWSH_URB,2022,0.0
RE1,RESWSH_URB,2023,0.0
RE1,RESWSH_URB,2024,0.0
RE1,RESWSH_URB,2025,0.0
RE1,RESWSH_URB,2026,0.0
RE1,RESWSH_URB,2027,0.0
RE1,RESWSH_URB,2028,0.0
RE1,RESWSH_URB,2029,0.0
RE1,RESWSH_URB,2030,0.0
RE1,RESWSH_URB,2031,0.0
RE1,RESWSH_URB,2032,0.0
RE1,RESWSH_URB,2033,0.0
RE1,RESWSH_URB,2034,0.0
RE1,RESWSH_URB,2035,0.0
RE1,RESWSH_URB,2036,0.0
RE1,RESWSH_URB,2037,0.0
RE1,RESWSH_URB,2038,0.0
RE1,RESWSH_URB,2039,0.0
RE1,RESWSH_URB,2040,0.0
RE1,RESWSH_URB,2041,0.0
RE1,RESWSH_URB,2042,0.0
RE1,RESWSH_URB,2043,0.0
RE1,RESWSH_URB,2044,0.0
RE1,RESWSH_URB,2045,0.0
RE1,RESWSH_URB,2046,0.0
RE1,RESWSH_URB,2047,0.0
RE1,RESWSH_URB,2048,0.0
RE1,RESWSH_URB,2049,0.0
RE1,RESWSH_URB,2050,0.0
RE1,RESWSH_URB,2051,0.0
RE1,RESWSH_URB,2052,0.0
RE1,RESWSH_URB,2053,0.0
RE1,RESWSH_URB,2054,0.0
RE1,RESILU_URB,2022,0.0
RE1,RESILU_URB,2023,0.0
RE1,RESILU_URB,2024,0.0
RE1,RESILU_URB,2025,0.0
RE1,RESILU_URB,2026,0.0
RE1,RESILU_URB,2027,0.0
RE1,RESILU_URB,2028,0.0
RE1,RESILU_URB,2029,0.0
RE1,RESILU_URB,2030,0.0
RE1,RESILU_URB,2031,0.0
RE1,RESILU_URB,2032,0.0
RE1,RESILU_URB,2033,0.0
RE1,RESILU_URB,2034,0.0
RE1,RESILU_URB,2035,0.0
RE1,RESILU_URB,2036,0.0
RE1,RESILU_URB,2037,0.0
RE1,RESILU_URB,2038,0.0
RE1,RESILU_URB,2039,0.0
RE1,RESILU_URB,2040,0.0
RE1,RESILU_URB,2041,0.0
RE1,RESILU_URB,2042,0.0
RE1,RESILU_URB,2043,0.0
RE1,RESILU_URB,2044,0.0
RE1,RESILU_URB,2045,0.0
RE1,RESILU_URB,2046,0.0
RE1,RESILU_URB,2047,0.0
RE1,RESILU_URB,2048,0.0
RE1,RESILU_URB,2049,0.0
RE1,RESILU_URB,2050,0.0
RE1,RESILU_URB,2051,0.0
RE1,RESILU_URB,2052,0.0
RE1,RESILU_URB,2053,0.0
RE1,RESILU_URB,2054,0.0
RE1,RESOTH_URB,2022,0.0
RE1,RESOTH_URB,2023,0.0
RE1,RESOTH_URB,2024,0.0
RE1,RESOTH_URB,2025,0.0
RE1,RESOTH_URB,2026,0.0
RE1,RESOTH_URB,2027,0.0
RE1,RESOTH_URB,2028,0.0
RE1,RESOTH_URB,2029,0.0
RE1,RESOTH_URB,2030,0.0
RE1,RESOTH_URB,2031,0.0
RE1,RESOTH_URB,2032,0.0
RE1,RESOTH_URB,2033,0.0
RE1,RESOTH_URB,2034,0.0
RE1,RESOTH_URB,2035,0.0
RE1,RESOTH_URB,2036,0.0
RE1,RESOTH_URB,2037,0.0
RE1,RESOTH_URB,2038,0.0
RE1,RESOTH_URB,2039,0.0
RE1,RESOTH_URB,2040,0.0
RE1,RESOTH_URB,2041,0.0
RE1,RESOTH_URB,2042,0.0
RE1,RESOTH_URB,2043,0.0
RE1,RESOTH_URB,2044,0.0
RE1,RESOTH_URB,2045,0.0
RE1,RESOTH_URB,2046,0.0
RE1,RESOTH_URB,2047,0.0
RE1,RESOTH_URB,2048,0.0
RE1,RESOTH_URB,2049,0.0
RE1,RESOTH_URB,2050,0.0
RE1,RESOTH_URB,2051,0.0
RE1,RESOTH_URB,2052,0.0
RE1,RESOTH_URB,2053,0.0
RE1,RESOTH_URB,2054,0.0
RE1,NSEELC,2022,0.0
RE1,NSEELC,2023,0.0
RE1,NSEELC,2024,0.0
RE1,NSEELC,2025,0.0
RE1,NSEELC,2026,0.0
RE1,NSEELC,2027,0.0
RE1,NSEELC,2028,0.0
RE1,NSEELC,2029,0.0
RE1,NSEELC,2030,0.0
RE1,NSEELC,2031,0.0
RE1,NSEELC,2032,0.0
RE1,NSEELC,2033,0.0
RE1,NSEELC,2034,0.0
RE1,NSEELC,2035,0.0
RE1,NSEELC,2036,0.0
RE1,NSEELC,2037,0.0
RE1,NSEELC,2038,0.0
RE1,NSEELC,2039,0.0
RE1,NSEELC,2040,0.0
RE1,NSEELC,2041,0.0
RE1,NSEELC,2042,0.0
RE1,NSEELC,2043,0.0
RE1,NSEELC,2044,0.0
RE1,NSEELC,2045,0.0
RE1,NSEELC,2046,0.0
RE1,NSEELC,2047,0.0
RE1,NSEELC,2048,0.0
RE1,NSEELC,2049,0.0
RE1,NSEELC,2050,0.0
RE1,NSEELC,2051,0.0
RE1,NSEELC,2052,0.0
RE1,NSEELC,2053,0.0
RE1,NSEELC,2054,0.0
RE1,AGFHEA,2022,0.0
RE1,AGFHEA,2023,0.0
RE1,AGFHEA,2024,0.0
RE1,AGFHEA,2025,0.0
RE1,AGFHEA,2026,0.0
RE1,AGFHEA,2027,0.0
RE1,AGFHEA,2028,0.0
RE1,AGFHEA,2029,0.0
RE1,AGFHEA,2030,0.0
RE1,AGFHEA,2031,0.0
RE1,AGFHEA,2032,0.0
RE1,AGFHEA,2033,0.0
RE1,AGFHEA,2034,0.0
RE1,AGFHEA,2035,0.0
RE1,AGFHEA,2036,0.0
RE1,AGFHEA,2037,0.0
RE1,AGFHEA,2038,0.0
RE1,AGFHEA,2039,0.0
RE1,AGFHEA,2040,0.0
RE1,AGFHEA,2041,0.0
RE1,AGFHEA,2042,0.0
RE1,AGFHEA,2043,0.0
RE1,AGFHEA,2044,0.0
RE1,AGFHEA,2045,0.0
RE1,AGFHEA,2046,0.0
RE1,AGFHEA,2047,0.0
RE1,AGFHEA,2048,0.0
RE1,AGFHEA,2049,0.0
RE1,AGFHEA,2050,0.0
RE1,AGFHEA,2051,0.0
RE1,AGFHEA,2052,0.0
RE1,AGFHEA,2053,0.0
RE1,AGFHEA,2054,0.0
RE1,TRABUS,2022,0.0
RE1,TRABUS,2023,0.0
RE1,TRABUS,2024,0.0
RE1,TRABUS,2025,0.0
RE1,TRABUS,2026,0.0
RE1,TRABUS,2027,0.0
RE1,TRABUS,2028,0.0
RE1,TRABUS,2029,0.0
RE1,TRABUS,2030,0.0
RE1,TRABUS,2031,0.0
RE1,TRABUS,2032,0.0
RE1,TRABUS,2033,0.0
RE1,TRABUS,2034,0.0
RE1,TRABUS,2035,0.0
RE1,TRABUS,2036,0.0
RE1,TRABUS,2037,0.0
RE1,TRABUS,2038,0.0
RE1,TRABUS,2039,0.0
RE1,TRABUS,2040,0.0
RE1,TRABUS,2041,0.0
RE1,TRABUS,2042,0.0
RE1,TRABUS,2043,0.0
RE1,TRABUS,2044,0.0
RE1,TRABUS,2045,0.0
RE1,TRABUS,2046,0.0
RE1,TRABUS,2047,0.0
RE1,TRABUS,2048,0.0
RE1,TRABUS,2049,0.0
RE1,TRABUS,2050,0.0
RE1,TRABUS,2051,0.0
RE1,TRABUS,2052,0.0
RE1,TRABUS,2053,0.0
RE1,TRABUS,2054,0.0
RE1,TERCLIM,2022,0.0
RE1,TERCLIM,2023,0.0
RE1,TERCLIM,2024,0.0
RE1,TERCLIM,2025,0.0
RE1,TERCLIM,2026,0.0
RE1,TERCLIM,2027,0.0
RE1,TERCLIM,2028,0.0
RE1,TERCLIM,2029,0.0
RE1,TERCLIM,2030,0.0
RE1,TERCLIM,2031,0.0
RE1,TERCLIM,2032,0.0
RE1,TERCLIM,2033,0.0
RE1,TERCLIM,2034,0.0
RE1,TERCLIM,2035,0.0
RE1,TERCLIM,2036,0.0
RE1,TERCLIM,2037,0.0
RE1,TERCLIM,2038,0.0
RE1,TERCLIM,2039,0.0
RE1,TERCLIM,2040,0.0
RE1,TERCLIM,2041,0.0
RE1,TERCLIM,2042,0.0
RE1,TERCLIM,2043,0.0
RE1,TERCLIM,2044,0.0
RE1,TERCLIM,2045,0.0
RE1,TERCLIM,2046,0.0
RE1,TERCLIM,2047,0.0
RE1,TERCLIM,2048,0.0
RE1,TERCLIM,2049,0.0
RE1,TERCLIM,2050,0.0
RE1,TERCLIM,2051,0.0
RE1,TERCLIM,2052,0.0
RE1,TERCLIM,2053,0.0
RE1,TERCLIM,2054,0.0
RE1,AGFELC,2022,0.0
RE1,AGFELC,2023,0.0
RE1,AGFELC,2024,0.0
RE1,AGFELC,2025,0.0
RE1,AGFELC,2026,0.0
RE1,AGFELC,2027,0.0
RE1,AGFELC,2028,0.0
RE1,AGFELC,2029,0.0
RE1,AGFELC,2030,0.0
RE1,AGFELC,2031,0.0
RE1,AGFELC,2032,0.0
RE1,AGFELC,2033,0.0
RE1,AGFELC,2034,0.0
RE1,AGFELC,2035,0.0
RE1,AGFELC,2036,0.0
RE1,AGFELC,2037,0.0
RE1,AGFELC,2038,0.0
RE1,AGFELC,2039,0.0
RE1,AGFELC,2040,0.0
RE1,AGFELC,2041,0.0
RE1,AGFELC,2042,0.0
RE1,AGFELC,2043,0.0
RE1,AGFELC,2044,0.0
RE1,AGFELC,2045,0.0
RE1,AGFELC,2046,0.0
RE1,AGFELC,2047,0.0
RE1,AGFELC,2048,0.0
RE1,AGFELC,2049,0.0
RE1,AGFELC,2050,0.0
RE1,AGFELC,2051,0.0
RE1,AGFELC,2052,0.0
RE1,AGFELC,2053,0.0
RE1,AGFELC,2054,0.0
RE1,TRAAVI,2022,0.0
RE1,TRAAVI,2023,0.0
RE1,TRAAVI,2024,0.0
RE1,TRAAVI,2025,0.0
RE1,TRAAVI,2026,0.0
RE1,TRAAVI,2027,0.0
RE1,TRAAVI,2028,0.0
RE1,TRAAVI,2029,0.0
RE1,TRAAVI,2030,0.0
RE1,TRAAVI,2031,0.0
RE1,TRAAVI,2032,0.0
RE1,TRAAVI,2033,0.0
RE1,TRAAVI,2034,0.0
RE1,TRAAVI,2035,0.0
RE1,TRAAVI,2036,0.0
RE1,TRAAVI,2037,0.0
RE1,TRAAVI,2038,0.0
RE1,TRAAVI,2039,0.0
RE1,TRAAVI,2040,0.0
RE1,TRAAVI,2041,0.0
RE1,TRAAVI,2042,0.0
RE1,TRAAVI,2043,0.0
RE1,TRAAVI,2044,0.0
RE1,TRAAVI,2045,0.0
RE1,TRAAVI,2046,0.0
RE1,TRAAVI,2047,0.0
RE1,TRAAVI,2048,0.0
RE1,TRAAVI,2049,0.0
RE1,TRAAVI,2050,0.0
RE1,TRAAVI,2051,0.0
RE1,TRAAVI,2052,0.0
RE1,TRAAVI,2053,0.0
RE1,TRAAVI,2054,0.0
RE1,TRALPV,2022,0.0
RE1,TRALPV,2023,0.0
RE1,TRALPV,2024,0.0
RE1,TRALPV,2025,0.0
RE1,TRALPV,2026,0.0
RE1,TRALPV,2027,0.0
RE1,TRALPV,2028,0.0
RE1,TRALPV,2029,0.0
RE1,TRALPV,2030,0.0
RE1,TRALPV,2031,0.0
RE1,TRALPV,2032,0.0
RE1,TRALPV,2033,0.0
RE1,TRALPV,2034,0.0
RE1,TRALPV,2035,0.0
RE1,TRALPV,2036,0.0
RE1,TRALPV,2037,0.0
RE1,TRALPV,2038,0.0
RE1,TRALPV,2039,0.0
RE1,TRALPV,2040,0.0
RE1,TRALPV,2041,0.0
RE1,TRALPV,2042,0.0
RE1,TRALPV,2043,0.0
RE1,TRALPV,2044,0.0
RE1,TRALPV,2045,0.0
RE1,TRALPV,2046,0.0
RE1,TRALPV,2047,0.0
RE1,TRALPV,2048,0.0
RE1,TRALPV,2049,0.0
RE1,TRALPV,2050,0.0
RE1,TRALPV,2051,0.0
RE1,TRALPV,2052,0.0
RE1,TRALPV,2053,0.0
RE1,TRALPV,2054,0.0
RE1,TRAFWD,2022,0.0
RE1,TRAFWD,2023,0.0
RE1,TRAFWD,2024,0.0
RE1,TRAFWD,2025,0.0
RE1,TRAFWD,2026,0.0
RE1,TRAFWD,2027,0.0
RE1,TRAFWD,2028,0.0
RE1,TRAFWD,2029,0.0
RE1,TRAFWD,2030,0.0
RE1,TRAFWD,2031,0.0
RE1,TRAFWD,2032,0.0
RE1,TRAFWD,2033,0.0
RE1,TRAFWD,2034,0.0
RE1,TRAFWD,2035,0.0
RE1,TRAFWD,2036,0.0
RE1,TRAFWD,2037,0.0
RE1,TRAFWD,2038,0.0
RE1,TRAFWD,2039,0.0
RE1,TRAFWD,2040,0.0
RE1,TRAFWD,2041,0.0
RE1,TRAFWD,2042,0.0
RE1,TRAFWD,2043,0.0
RE1,TRAFWD,2044,0.0
RE1,TRAFWD,2045,0.0
RE1,TRAFWD,2046,0.0
RE1,TRAFWD,2047,0.0
RE1,TRAFWD,2048,0.0
RE1,TRAFWD,2049,0.0
RE1,TRAFWD,2050,0.0
RE1,TRAFWD,2051,0.0
RE1,TRAFWD,2052,0.0
RE1,TRAFWD,2053,0.0
RE1,TRAFWD,2054,0.0
RE1,TRATCK,2022,0.0
RE1,TRATCK,2023,0.0
RE1,TRATCK,2024,0.0
RE1,TRATCK,2025,0.0
RE1,TRATCK,2026,0.0
RE1,TRATCK,2027,0.0
RE1,TRATCK,2028,0.0
RE1,TRATCK,2029,0.0
RE1,TRATCK,2030,0.0
RE1,TRATCK,2031,0.0
RE1,TRATCK,2032,0.0
RE1,TRATCK,2033,0.0
RE1,TRATCK,2034,0.0
RE1,TRATCK,2035,0.0
RE1,TRATCK,2036,0.0
RE1,TRATCK,2037,0.0
RE1,TRATCK,2038,0.0
RE1,TRATCK,2039,0.0
RE1,TRATCK,2040,0.0
RE1,TRATCK,2041,0.0
RE1,TRATCK,2042,0.0
RE1,TRATCK,2043,0.0
RE1,TRATCK,2044,0.0
RE1,TRATCK,2045,0.0
RE1,TRATCK,2046,0.0
RE1,TRATCK,2047,0.0
RE1,TRATCK,2048,0.0
RE1,TRATCK,2049,0.0
RE1,TRATCK,2050,0.0
RE1,TRATCK,2051,0.0
RE1,TRATCK,2052,0.0
RE1,TRATCK,2053,0.0
RE1,TRATCK,2054,0.0
RE1,TRAMTC,2022,0.0
RE1,TRAMTC,2023,0.0
RE1,TRAMTC,2024,0.0
RE1,TRAMTC,2025,0.0
RE1,TRAMTC,2026,0.0
RE1,TRAMTC,2027,0.0
RE1,TRAMTC,2028,0.0
RE1,TRAMTC,2029,0.0
RE1,TRAMTC,2030,0.0
RE1,TRAMTC,2031,0.0
RE1,TRAMTC,2032,0.0
RE1,TRAMTC,2033,0.0
RE1,TRAMTC,2034,0.0
RE1,TRAMTC,2035,0.0
RE1,TRAMTC,2036,0.0
RE1,TRAMTC,2037,0.0
RE1,TRAMTC,2038,0.0
RE1,TRAMTC,2039,0.0
RE1,TRAMTC,2040,0.0
RE1,TRAMTC,2041,0.0
RE1,TRAMTC,2042,0.0
RE1,TRAMTC,2043,0.0
RE1,TRAMTC,2044,0.0
RE1,TRAMTC,2045,0.0
RE1,TRAMTC,2046,0.0
RE1,TRAMTC,2047,0.0
RE1,TRAMTC,2048,0.0
RE1,TRAMTC,2049,0.0
RE1,TRAMTC,2050,0.0
RE1,TRAMTC,2051,0.0
RE1,TRAMTC,2052,0.0
RE1,TRAMTC,2053,0.0
RE1,TRAMTC,2054,0.0
RE1,TRAMET,2022,0.0
RE1,TRAMET,2023,0.0
RE1,TRAMET,2024,0.0
RE1,TRAMET,2025,0.0
RE1,TRAMET,2026,0.0
RE1,TRAMET,2027,0.0
RE1,TRAMET,2028,0.0
RE1,TRAMET,2029,0.0
RE1,TRAMET,2030,0.0
RE1,TRAMET,2031,0.0
RE1,TRAMET,2032,0.0
RE1,TRAMET,2033,0.0
RE1,TRAMET,2034,0.0
RE1,TRAMET,2035,0.0
RE1,TRAMET,2036,0.0
RE1,TRAMET,2037,0.0
RE1,TRAMET,2038,0.0
RE1,TRAMET,2039,0.0
RE1,TRAMET,2040,0.0
RE1,TRAMET,2041,0.0
RE1,TRAMET,2042,0.0
RE1,TRAMET,2043,0.0
RE1,TRAMET,2044,0.0
RE1,TRAMET,2045,0.0
RE1,TRAMET,2046,0.0
RE1,TRAMET,2047,0.0
RE1,TRAMET,2048,0.0
RE1,TRAMET,2049,0.0
RE1,TRAMET,2050,0.0
RE1,TRAMET,2051,0.0
RE1,TRAMET,2052,0.0
RE1,TRAMET,2053,0.0
RE1,TRAMET,2054,0.0
RE1,TRAMRT,2022,0.0
RE1,TRAMRT,2023,0.0
RE1,TRAMRT,2024,0.0
RE1,TRAMRT,2025,0.0
RE1,TRAMRT,2026,0.0
RE1,TRAMRT,2027,0.0
RE1,TRAMRT,2028,0.0
RE1,TRAMRT,2029,0.0
RE1,TRAMRT,2030,0.0
RE1,TRAMRT,2031,0.0
RE1,TRAMRT,2032,0.0
RE1,TRAMRT,2033,0.0
RE1,TRAMRT,2034,0.0
RE1,TRAMRT,2035,0.0
RE1,TRAMRT,2036,0.0
RE1,TRAMRT,2037,0.0
RE1,TRAMRT,2038,0.0
RE1,TRAMRT,2039,0.0
RE1,TRAMRT,2040,0.0
RE1,TRAMRT,2041,0.0
RE1,TRAMRT,2042,0.0
RE1,TRAMRT,2043,0.0
RE1,TRAMRT,2044,0.0
RE1,TRAMRT,2045,0.0
RE1,TRAMRT,2046,0.0
RE1,TRAMRT,2047,0.0
RE1,TRAMRT,2048,0.0
RE1,TRAMRT,2049,0.0
RE1,TRAMRT,2050,0.0
RE1,TRAMRT,2051,0.0
RE1,TRAMRT,2052,0.0
RE1,TRAMRT,2053,0.0
RE1,TRAMRT,2054,0.0
RE1,TRARVT,2022,0.0
RE1,TRARVT,2023,0.0
RE1,TRARVT,2024,0.0
RE1,TRARVT,2025,0.0
RE1,TRARVT,2026,0.0
RE1,TRARVT,2027,0.0
RE1,TRARVT,2028,0.0
RE1,TRARVT,2029,0.0
RE1,TRARVT,2030,0.0
RE1,TRARVT,2031,0.0
RE1,TRARVT,2032,0.0
RE1,TRARVT,2033,0.0
RE1,TRARVT,2034,0.0
RE1,TRARVT,2035,0.0
RE1,TRARVT,2036,0.0
RE1,TRARVT,2037,0.0
RE1,TRARVT,2038,0.0
RE1,TRARVT,2039,0.0
RE1,TRARVT,2040,0.0
RE1,TRARVT,2041,0.0
RE1,TRARVT,2042,0.0
RE1,TRARVT,2043,0.0
RE1,TRARVT,2044,0.0
RE1,TRARVT,2045,0.0
RE1,TRARVT,2046,0.0
RE1,TRARVT,2047,0.0
RE1,TRARVT,2048,0.0
RE1,TRARVT,2049,0.0
RE1,TRARVT,2050,0.0
RE1,TRARVT,2051,0.0
RE1,TRARVT,2052,0.0
RE1,TRARVT,2053,0.0
RE1,TRARVT,2054,0.0
RE1,CYRDSL,2022,0.0
RE1,CYRDSL,2023,0.0
RE1,CYRDSL,2024,0.0
RE1,CYRDSL,2025,0.0
RE1,CYRDSL,2026,0.0
RE1,CYRDSL,2027,0.0
RE1,CYRDSL,2028,0.0
RE1,CYRDSL,2029,0.0
RE1,CYRDSL,2030,0.0
RE1,CYRDSL,2031,0.0
RE1,CYRDSL,2032,0.0
RE1,CYRDSL,2033,0.0
RE1,CYRDSL,2034,0.0
RE1,CYRDSL,2035,0.0
RE1,CYRDSL,2036,0.0
RE1,CYRDSL,2037,0.0
RE1,CYRDSL,2038,0.0
RE1,CYRDSL,2039,0.0
RE1,CYRDSL,2040,0.0
RE1,CYRDSL,2041,0.0
RE1,CYRDSL,2042,0.0
RE1,CYRDSL,2043,0.0
RE1,CYRDSL,2044,0.0
RE1,CYRDSL,2045,0.0
RE1,CYRDSL,2046,0.0
RE1,CYRDSL,2047,0.0
RE1,CYRDSL,2048,0.0
RE1,CYRDSL,2049,0.0
RE1,CYRDSL,2050,0.0
RE1,CYRDSL,2051,0.0
RE1,CYRDSL,2052,0.0
RE1,CYRDSL,2053,0.0
RE1,CYRDSL,2054,0.0
RE1,CYRGSL,2022,0.0
RE1,CYRGSL,2023,0.0
RE1,CYRGSL,2024,0.0
RE1,CYRGSL,2025,0.0
RE1,CYRGSL,2026,0.0
RE1,CYRGSL,2027,0.0
RE1,CYRGSL,2028,0.0
RE1,CYRGSL,2029,0.0
RE1,CYRGSL,2030,0.0
RE1,CYRGSL,2031,0.0
RE1,CYRGSL,2032,0.0
RE1,CYRGSL,2033,0.0
RE1,CYRGSL,2034,0.0
RE1,CYRGSL,2035,0.0
RE1,CYRGSL,2036,0.0
RE1,CYRGSL,2037,0.0
RE1,CYRGSL,2038,0.0
RE1,CYRGSL,2039,0.0
RE1,CYRGSL,2040,0.0
RE1,CYRGSL,2041,0.0
RE1,CYRGSL,2042,0.0
RE1,CYRGSL,2043,0.0
RE1,CYRGSL,2044,0.0
RE1,CYRGSL,2045,0.0
RE1,CYRGSL,2046,0.0
RE1,CYRGSL,2047,0.0
RE1,CYRGSL,2048,0.0
RE1,CYRGSL,2049,0.0
RE1,CYRGSL,2050,0.0
RE1,CYRGSL,2051,0.0
RE1,CYRGSL,2052,0.0
RE1,CYRGSL,2053,0.0
RE1,CYRGSL,2054,0.0
RE1,CYRLPG,2022,0.0
RE1,CYRLPG,2023,0.0
RE1,CYRLPG,2024,0.0
RE1,CYRLPG,2025,0.0
RE1,CYRLPG,2026,0.0
RE1,CYRLPG,2027,0.0
RE1,CYRLPG,2028,0.0
RE1,CYRLPG,2029,0.0
RE1,CYRLPG,2030,0.0
RE1,CYRLPG,2031,0.0
RE1,CYRLPG,2032,0.0
RE1,CYRLPG,2033,0.0
RE1,CYRLPG,2034,0.0
RE1,CYRLPG,2035,0.0
RE1,CYRLPG,2036,0.0
RE1,CYRLPG,2037,0.0
RE1,CYRLPG,2038,0.0
RE1,CYRLPG,2039,0.0
RE1,CYRLPG,2040,0.0
RE1,CYRLPG,2041,0.0
RE1,CYRLPG,2042,0.0
RE1,CYRLPG,2043,0.0
RE1,CYRLPG,2044,0.0
RE1,CYRLPG,2045,0.0
RE1,CYRLPG,2046,0.0
RE1,CYRLPG,2047,0.0
RE1,CYRLPG,2048,0.0
RE1,CYRLPG,2049,0.0
RE1,CYRLPG,2050,0.0
RE1,CYRLPG,2051,0.0
RE1,CYRLPG,2052,0.0
RE1,CYRLPG,2053,0.0
RE1,CYRLPG,2054,0.0
RE1,CYRELC,2022,0.0
RE1,CYRELC,2023,0.0
RE1,CYRELC,2024,0.0
RE1,CYRELC,2025,0.0
RE1,CYRELC,2026,0.0
RE1,CYRELC,2027,0.0
RE1,CYRELC,2028,0.0
RE1,CYRELC,2029,0.0
RE1,CYRELC,2030,0.0
RE1,CYRELC,2031,0.0
RE1,CYRELC,2032,0.0
RE1,CYRELC,2033,0.0
RE1,CYRELC,2034,0.0
RE1,CYRELC,2035,0.0
RE1,CYRELC,2036,0.0
RE1,CYRELC,2037,0.0
RE1,CYRELC,2038,0.0
RE1,CYRELC,2039,0.0
RE1,CYRELC,2040,0.0
RE1,CYRELC,2041,0.0
RE1,CYRELC,2042,0.0
RE1,CYRELC,2043,0.0
RE1,CYRELC,2044,0.0
RE1,CYRELC,2045,0.0
RE1,CYRELC,2046,0.0
RE1,CYRELC,2047,0.0
RE1,CYRELC,2048,0.0
RE1,CYRELC,2049,0.0
RE1,CYRELC,2050,0.0
RE1,CYRELC,2051,0.0
RE1,CYRELC,2052,0.0
RE1,CYRELC,2053,0.0
RE1,CYRELC,2054,0.0
RE1,RESDHT_RUR,2022,0.0
RE1,RESDHT_RUR,2023,0.0
RE1,RESDHT_RUR,2024,0.0
RE1,RESDHT_RUR,2025,0.0
RE1,RESDHT_RUR,2026,0.0
RE1,RESDHT_RUR,2027,0.0
RE1,RESDHT_RUR,2028,0.0
RE1,RESDHT_RUR,2029,0.0
RE1,RESDHT_RUR,2030,0.0
RE1,RESDHT_RUR,2031,0.0
RE1,RESDHT_RUR,2032,0.0
RE1,RESDHT_RUR,2033,0.0
RE1,RESDHT_RUR,2034,0.0
RE1,RESDHT_RUR,2035,0.0
RE1,RESDHT_RUR,2036,0.0
RE1,RESDHT_RUR,2037,0.0
RE1,RESDHT_RUR,2038,0.0
RE1,RESDHT_RUR,2039,0.0
RE1,RESDHT_RUR,2040,0.0
RE1,RESDHT_RUR,2041,0.0
RE1,RESDHT_RUR,2042,0.0
RE1,RESDHT_RUR,2043,0.0
RE1,RESDHT_RUR,2044,0.0
RE1,RESDHT_RUR,2045,0.0
RE1,RESDHT_RUR,2046,0.0
RE1,RESDHT_RUR,2047,0.0
RE1,RESDHT_RUR,2048,0.0
RE1,RESDHT_RUR,2049,0.0
RE1,RESDHT_RUR,2050,0.0
RE1,RESDHT_RUR,2051,0.0
RE1,RESDHT_RUR,2052,0.0
RE1,RESDHT_RUR,2053,0.0
RE1,RESDHT_RUR,2054,0.0
RE1,RESILU_RUR,2022,0.0
RE1,RESILU_RUR,2023,0.0
RE1,RESILU_RUR,2024,0.0
RE1,RESILU_RUR,2025,0.0
RE1,RESILU_RUR,2026,0.0
RE1,RESILU_RUR,2027,0.0
RE1,RESILU_RUR,2028,0.0
RE1,RESILU_RUR,2029,0.0
RE1,RESILU_RUR,2030,0.0
RE1,RESILU_RUR,2031,0.0
RE1,RESILU_RUR,2032,0.0
RE1,RESILU_RUR,2033,0.0
RE1,RESILU_RUR,2034,0.0
RE1,RESILU_RUR,2035,0.0
RE1,RESILU_RUR,2036,0.0
RE1,RESILU_RUR,2037,0.0
RE1,RESILU_RUR,2038,0.0
RE1,RESILU_RUR,2039,0.0
RE1,RESILU_RUR,2040,0.0
RE1,RESILU_RUR,2041,0.0
RE1,RESILU_RUR,2042,0.0
RE1,RESILU_RUR,2043,0.0
RE1,RESILU_RUR,2044,0.0
RE1,RESILU_RUR,2045,0.0
RE1,RESILU_RUR,2046,0.0
RE1,RESILU_RUR,2047,0.0
RE1,RESILU_RUR,2048,0.0
RE1,RESILU_RUR,2049,0.0
RE1,RESILU_RUR,2050,0.0
RE1,RESILU_RUR,2051,0.0
RE1,RESILU_RUR,2052,0.0
RE1,RESILU_RUR,2053,0.0
RE1,RESILU_RUR,2054,0.0
RE1,RESWHT_RUR,2022,0.0
RE1,RESWHT_RUR,2023,0.0
RE1,RESWHT_RUR,2024,0.0
RE1,RESWHT_RUR,2025,0.0
RE1,RESWHT_RUR,2026,0.0
RE1,RESWHT_RUR,2027,0.0
RE1,RESWHT_RUR,2028,0.0
RE1,RESWHT_RUR,2029,0.0
RE1,RESWHT_RUR,2030,0.0
RE1,RESWHT_RUR,2031,0.0
RE1,RESWHT_RUR,2032,0.0
RE1,RESWHT_RUR,2033,0.0
RE1,RESWHT_RUR,2034,0.0
RE1,RESWHT_RUR,2035,0.0
RE1,RESWHT_RUR,2036,0.0
RE1,RESWHT_RUR,2037,0.0
RE1,RESWHT_RUR,2038,0.0
RE1,RESWHT_RUR,2039,0.0
RE1,RESWHT_RUR,2040,0.0
RE1,RESWHT_RUR,2041,0.0
RE1,RESWHT_RUR,2042,0.0
RE1,RESWHT_RUR,2043,0.0
RE1,RESWHT_RUR,2044,0.0
RE1,RESWHT_RUR,2045,0.0
RE1,RESWHT_RUR,2046,0.0
RE1,RESWHT_RUR,2047,0.0
RE1,RESWHT_RUR,2048,0.0
RE1,RESWHT_RUR,2049,0.0
RE1,RESWHT_RUR,2050,0.0
RE1,RESWHT_RUR,2051,0.0
RE1,RESWHT_RUR,2052,0.0
RE1,RESWHT_RUR,2053,0.0
RE1,RESWHT_RUR,2054,0.0
RE1,RESWSH_RUR,2022,0.0
RE1,RESWSH_RUR,2023,0.0
RE1,RESWSH_RUR,2024,0.0
RE1,RESWSH_RUR,2025,0.0
RE1,RESWSH_RUR,2026,0.0
RE1,RESWSH_RUR,2027,0.0
RE1,RESWSH_RUR,2028,0.0
RE1,RESWSH_RUR,2029,0.0
RE1,RESWSH_RUR,2030,0.0
RE1,RESWSH_RUR,2031,0.0
RE1,RESWSH_RUR,2032,0.0
RE1,RESWSH_RUR,2033,0.0
RE1,RESWSH_RUR,2034,0.0
RE1,RESWSH_RUR,2035,0.0
RE1,RESWSH_RUR,2036,0.0
RE1,RESWSH_RUR,2037,0.0
RE1,RESWSH_RUR,2038,0.0
RE1,RESWSH_RUR,2039,0.0
RE1,RESWSH_RUR,2040,0.0
RE1,RESWSH_RUR,2041,0.0
RE1,RESWSH_RUR,2042,0.0
RE1,RESWSH_RUR,2043,0.0
RE1,RESWSH_RUR,2044,0.0
RE1,RESWSH_RUR,2045,0.0
RE1,RESWSH_RUR,2046,0.0
RE1,RESWSH_RUR,2047,0.0
RE1,RESWSH_RUR,2048,0.0
RE1,RESWSH_RUR,2049,0.0
RE1,RESWSH_RUR,2050,0.0
RE1,RESWSH_RUR,2051,0.0
RE1,RESWSH_RUR,2052,0.0
RE1,RESWSH_RUR,2053,0.0
RE1,RESWSH_RUR,2054,0.0
RE1,RESOTH_RUR,2022,0.0
RE1,RESOTH_RUR,2023,0.0
RE1,RESOTH_RUR,2024,0.0
RE1,RESOTH_RUR,2025,0.0
RE1,RESOTH_RUR,2026,0.0
RE1,RESOTH_RUR,2027,0.0
RE1,RESOTH_RUR,2028,0.0
RE1,RESOTH_RUR,2029,0.0
RE1,RESOTH_RUR,2030,0.0
RE1,RESOTH_RUR,2031,0.0
RE1,RESOTH_RUR,2032,0.0
RE1,RESOTH_RUR,2033,0.0
RE1,RESOTH_RUR,2034,0.0
RE1,RESOTH_RUR,2035,0.0
RE1,RESOTH_RUR,2036,0.0
RE1,RESOTH_RUR,2037,0.0
RE1,RESOTH_RUR,2038,0.0
RE1,RESOTH_RUR,2039,0.0
RE1,RESOTH_RUR,2040,0.0
RE1,RESOTH_RUR,2041,0.0
RE1,RESOTH_RUR,2042,0.0
RE1,RESOTH_RUR,2043,0.0
RE1,RESOTH_RUR,2044,0.0
RE1,RESOTH_RUR,2045,0.0
RE1,RESOTH_RUR,2046,0.0
RE1,RESOTH_RUR,2047,0.0
RE1,RESOTH_RUR,2048,0.0
RE1,RESOTH_RUR,2049,0.0
RE1,RESOTH_RUR,2050,0.0
RE1,RESOTH_RUR,2051,0.0
RE1,RESOTH_RUR,2052,0.0
RE1,RESOTH_RUR,2053,0.0
RE1,RESOTH_RUR,2054,0.0
RE1,TRAMIC,2022,0.0
RE1,TRAMIC,2023,0.0
RE1,TRAMIC,2024,0.0
RE1,TRAMIC,2025,0.0
RE1,TRAMIC,2026,0.0
RE1,TRAMIC,2027,0.0
RE1,TRAMIC,2028,0.0
RE1,TRAMIC,2029,0.0
RE1,TRAMIC,2030,0.0
RE1,TRAMIC,2031,0.0
RE1,TRAMIC,2032,0.0
RE1,TRAMIC,2033,0.0
RE1,TRAMIC,2034,0.0
RE1,TRAMIC,2035,0.0
RE1,TRAMIC,2036,0.0
RE1,TRAMIC,2037,0.0
RE1,TRAMIC,2038,0.0
RE1,TRAMIC,2039,0.0
RE1,TRAMIC,2040,0.0
RE1,TRAMIC,2041,0.0
RE1,TRAMIC,2042,0.0
RE1,TRAMIC,2043,0.0
RE1,TRAMIC,2044,0.0
RE1,TRAMIC,2045,0.0
RE1,TRAMIC,2046,0.0
RE1,TRAMIC,2047,0.0
RE1,TRAMIC,2048,0.0
RE1,TRAMIC,2049,0.0
RE1,TRAMIC,2050,0.0
RE1,TRAMIC,2051,0.0
RE1,TRAMIC,2052,0.0
RE1,TRAMIC,2053,0.0
RE1,TRAMIC,2054,0.0
RE1,TRASTT,2022,0.0
RE1,TRASTT,2023,0.0
RE1,TRASTT,2024,0.0
RE1,TRASTT,2025,0.0
RE1,TRASTT,2026,0.0
RE1,TRASTT,2027,0.0
RE1,TRASTT,2028,0.0
RE1,TRASTT,2029,0.0
RE1,TRASTT,2030,0.0
RE1,TRASTT,2031,0.0
RE1,TRASTT,2032,0.0
RE1,TRASTT,2033,0.0
RE1,TRASTT,2034,0.0
RE1,TRASTT,2035,0.0
RE1,TRASTT,2036,0.0
RE1,TRASTT,2037,0.0
RE1,TRASTT,2038,0.0
RE1,TRASTT,2039,0.0
RE1,TRASTT,2040,0.0
RE1,TRASTT,2041,0.0
RE1,TRASTT,2042,0.0
RE1,TRASTT,2043,0.0
RE1,TRASTT,2044,0.0
RE1,TRASTT,2045,0.0
RE1,TRASTT,2046,0.0
RE1,TRASTT,2047,0.0
RE1,TRASTT,2048,0.0
RE1,TRASTT,2049,0.0
RE1,TRASTT,2050,0.0
RE1,TRASTT,2051,0.0
RE1,TRASTT,2052,0.0
RE1,TRASTT,2053,0.0
RE1,TRASTT,2054,0.0
