REGION,FUEL,REGION2,YEAR,VALUE
RE1,OIL,RE1,2022,0.0
RE1,OIL,RE1,2023,0.0
RE1,OIL,RE1,2024,0.0
RE1,OIL,RE1,2025,0.0
RE1,OIL,RE1,2026,0.0
RE1,OIL,RE1,2027,0.0
RE1,OIL,RE1,2028,0.0
RE1,OIL,RE1,2029,0.0
RE1,OIL,RE1,2030,0.0
RE1,OIL,RE1,2031,0.0
RE1,OIL,RE1,2032,0.0
RE1,OIL,RE1,2033,0.0
RE1,OIL,RE1,2034,0.0
RE1,OIL,RE1,2035,0.0
RE1,OIL,RE1,2036,0.0
RE1,OIL,RE1,2037,0.0
RE1,OIL,RE1,2038,0.0
RE1,OIL,RE1,2039,0.0
RE1,OIL,RE1,2040,0.0
RE1,OIL,RE1,2041,0.0
RE1,OIL,RE1,2042,0.0
RE1,OIL,RE1,2043,0.0
RE1,OIL,RE1,2044,0.0
RE1,OIL,RE1,2045,0.0
RE1,OIL,RE1,2046,0.0
RE1,OIL,RE1,2047,0.0
RE1,OIL,RE1,2048,0.0
RE1,OIL,RE1,2049,0.0
RE1,OIL,RE1,2050,0.0
RE1,OIL,RE1,2051,0.0
RE1,OIL,RE1,2052,0.0
RE1,OIL,RE1,2053,0.0
RE1,OIL,RE1,2054,0.0
RE1,COA,RE1,2022,0.0
RE1,COA,RE1,2023,0.0
RE1,COA,RE1,2024,0.0
RE1,COA,RE1,2025,0.0
RE1,COA,RE1,2026,0.0
RE1,COA,RE1,2027,0.0
RE1,COA,RE1,2028,0.0
RE1,COA,RE1,2029,0.0
RE1,COA,RE1,2030,0.0
RE1,COA,RE1,2031,0.0
RE1,COA,RE1,2032,0.0
RE1,COA,RE1,2033,0.0
RE1,COA,RE1,2034,0.0
RE1,COA,RE1,2035,0.0
RE1,COA,RE1,2036,0.0
RE1,COA,RE1,2037,0.0
RE1,COA,RE1,2038,0.0
RE1,COA,RE1,2039,0.0
RE1,COA,RE1,2040,0.0
RE1,COA,RE1,2041,0.0
RE1,COA,RE1,2042,0.0
RE1,COA,RE1,2043,0.0
RE1,COA,RE1,2044,0.0
RE1,COA,RE1,2045,0.0
RE1,COA,RE1,2046,0.0
RE1,COA,RE1,2047,0.0
RE1,COA,RE1,2048,0.0
RE1,COA,RE1,2049,0.0
RE1,COA,RE1,2050,0.0
RE1,COA,RE1,2051,0.0
RE1,COA,RE1,2052,0.0
RE1,COA,RE1,2053,0.0
RE1,COA,RE1,2054,0.0
RE1,DSL,RE1,2022,0.0
RE1,DSL,RE1,2023,0.0
RE1,DSL,RE1,2024,0.0
RE1,DSL,RE1,2025,0.0
RE1,DSL,RE1,2026,0.0
RE1,DSL,RE1,2027,0.0
RE1,DSL,RE1,2028,0.0
RE1,DSL,RE1,2029,0.0
RE1,DSL,RE1,2030,0.0
RE1,DSL,RE1,2031,0.0
RE1,DSL,RE1,2032,0.0
RE1,DSL,RE1,2033,0.0
RE1,DSL,RE1,2034,0.0
RE1,DSL,RE1,2035,0.0
RE1,DSL,RE1,2036,0.0
RE1,DSL,RE1,2037,0.0
RE1,DSL,RE1,2038,0.0
RE1,DSL,RE1,2039,0.0
RE1,DSL,RE1,2040,0.0
RE1,DSL,RE1,2041,0.0
RE1,DSL,RE1,2042,0.0
RE1,DSL,RE1,2043,0.0
RE1,DSL,RE1,2044,0.0
RE1,DSL,RE1,2045,0.0
RE1,DSL,RE1,2046,0.0
RE1,DSL,RE1,2047,0.0
RE1,DSL,RE1,2048,0.0
RE1,DSL,RE1,2049,0.0
RE1,DSL,RE1,2050,0.0
RE1,DSL,RE1,2051,0.0
RE1,DSL,RE1,2052,0.0
RE1,DSL,RE1,2053,0.0
RE1,DSL,RE1,2054,0.0
RE1,GSL,RE1,2022,0.0
RE1,GSL,RE1,2023,0.0
RE1,GSL,RE1,2024,0.0
RE1,GSL,RE1,2025,0.0
RE1,GSL,RE1,2026,0.0
RE1,GSL,RE1,2027,0.0
RE1,GSL,RE1,2028,0.0
RE1,GSL,RE1,2029,0.0
RE1,GSL,RE1,2030,0.0
RE1,GSL,RE1,2031,0.0
RE1,GSL,RE1,2032,0.0
RE1,GSL,RE1,2033,0.0
RE1,GSL,RE1,2034,0.0
RE1,GSL,RE1,2035,0.0
RE1,GSL,RE1,2036,0.0
RE1,GSL,RE1,2037,0.0
RE1,GSL,RE1,2038,0.0
RE1,GSL,RE1,2039,0.0
RE1,GSL,RE1,2040,0.0
RE1,GSL,RE1,2041,0.0
RE1,GSL,RE1,2042,0.0
RE1,GSL,RE1,2043,0.0
RE1,GSL,RE1,2044,0.0
RE1,GSL,RE1,2045,0.0
RE1,GSL,RE1,2046,0.0
RE1,GSL,RE1,2047,0.0
RE1,GSL,RE1,2048,0.0
RE1,GSL,RE1,2049,0.0
RE1,GSL,RE1,2050,0.0
RE1,GSL,RE1,2051,0.0
RE1,GSL,RE1,2052,0.0
RE1,GSL,RE1,2053,0.0
RE1,GSL,RE1,2054,0.0
RE1,NGS,RE1,2022,0.0
RE1,NGS,RE1,2023,0.0
RE1,NGS,RE1,2024,0.0
RE1,NGS,RE1,2025,0.0
RE1,NGS,RE1,2026,0.0
RE1,NGS,RE1,2027,0.0
RE1,NGS,RE1,2028,0.0
RE1,NGS,RE1,2029,0.0
RE1,NGS,RE1,2030,0.0
RE1,NGS,RE1,2031,0.0
RE1,NGS,RE1,2032,0.0
RE1,NGS,RE1,2033,0.0
RE1,NGS,RE1,2034,0.0
RE1,NGS,RE1,2035,0.0
RE1,NGS,RE1,2036,0.0
RE1,NGS,RE1,2037,0.0
RE1,NGS,RE1,2038,0.0
RE1,NGS,RE1,2039,0.0
RE1,NGS,RE1,2040,0.0
RE1,NGS,RE1,2041,0.0
RE1,NGS,RE1,2042,0.0
RE1,NGS,RE1,2043,0.0
RE1,NGS,RE1,2044,0.0
RE1,NGS,RE1,2045,0.0
RE1,NGS,RE1,2046,0.0
RE1,NGS,RE1,2047,0.0
RE1,NGS,RE1,2048,0.0
RE1,NGS,RE1,2049,0.0
RE1,NGS,RE1,2050,0.0
RE1,NGS,RE1,2051,0.0
RE1,NGS,RE1,2052,0.0
RE1,NGS,RE1,2053,0.0
RE1,NGS,RE1,2054,0.0
RE1,FOL,RE1,2022,0.0
RE1,FOL,RE1,2023,0.0
RE1,FOL,RE1,2024,0.0
RE1,FOL,RE1,2025,0.0
RE1,FOL,RE1,2026,0.0
RE1,FOL,RE1,2027,0.0
RE1,FOL,RE1,2028,0.0
RE1,FOL,RE1,2029,0.0
RE1,FOL,RE1,2030,0.0
RE1,FOL,RE1,2031,0.0
RE1,FOL,RE1,2032,0.0
RE1,FOL,RE1,2033,0.0
RE1,FOL,RE1,2034,0.0
RE1,FOL,RE1,2035,0.0
RE1,FOL,RE1,2036,0.0
RE1,FOL,RE1,2037,0.0
RE1,FOL,RE1,2038,0.0
RE1,FOL,RE1,2039,0.0
RE1,FOL,RE1,2040,0.0
RE1,FOL,RE1,2041,0.0
RE1,FOL,RE1,2042,0.0
RE1,FOL,RE1,2043,0.0
RE1,FOL,RE1,2044,0.0
RE1,FOL,RE1,2045,0.0
RE1,FOL,RE1,2046,0.0
RE1,FOL,RE1,2047,0.0
RE1,FOL,RE1,2048,0.0
RE1,FOL,RE1,2049,0.0
RE1,FOL,RE1,2050,0.0
RE1,FOL,RE1,2051,0.0
RE1,FOL,RE1,2052,0.0
RE1,FOL,RE1,2053,0.0
RE1,FOL,RE1,2054,0.0
RE1,SOL,RE1,2022,0.0
RE1,SOL,RE1,2023,0.0
RE1,SOL,RE1,2024,0.0
RE1,SOL,RE1,2025,0.0
RE1,SOL,RE1,2026,0.0
RE1,SOL,RE1,2027,0.0
RE1,SOL,RE1,2028,0.0
RE1,SOL,RE1,2029,0.0
RE1,SOL,RE1,2030,0.0
RE1,SOL,RE1,2031,0.0
RE1,SOL,RE1,2032,0.0
RE1,SOL,RE1,2033,0.0
RE1,SOL,RE1,2034,0.0
RE1,SOL,RE1,2035,0.0
RE1,SOL,RE1,2036,0.0
RE1,SOL,RE1,2037,0.0
RE1,SOL,RE1,2038,0.0
RE1,SOL,RE1,2039,0.0
RE1,SOL,RE1,2040,0.0
RE1,SOL,RE1,2041,0.0
RE1,SOL,RE1,2042,0.0
RE1,SOL,RE1,2043,0.0
RE1,SOL,RE1,2044,0.0
RE1,SOL,RE1,2045,0.0
RE1,SOL,RE1,2046,0.0
RE1,SOL,RE1,2047,0.0
RE1,SOL,RE1,2048,0.0
RE1,SOL,RE1,2049,0.0
RE1,SOL,RE1,2050,0.0
RE1,SOL,RE1,2051,0.0
RE1,SOL,RE1,2052,0.0
RE1,SOL,RE1,2053,0.0
RE1,SOL,RE1,2054,0.0
RE1,URN,RE1,2022,0.0
RE1,URN,RE1,2023,0.0
RE1,URN,RE1,2024,0.0
RE1,URN,RE1,2025,0.0
RE1,URN,RE1,2026,0.0
RE1,URN,RE1,2027,0.0
RE1,URN,RE1,2028,0.0
RE1,URN,RE1,2029,0.0
RE1,URN,RE1,2030,0.0
RE1,URN,RE1,2031,0.0
RE1,URN,RE1,2032,0.0
RE1,URN,RE1,2033,0.0
RE1,URN,RE1,2034,0.0
RE1,URN,RE1,2035,0.0
RE1,URN,RE1,2036,0.0
RE1,URN,RE1,2037,0.0
RE1,URN,RE1,2038,0.0
RE1,URN,RE1,2039,0.0
RE1,URN,RE1,2040,0.0
RE1,URN,RE1,2041,0.0
RE1,URN,RE1,2042,0.0
RE1,URN,RE1,2043,0.0
RE1,URN,RE1,2044,0.0
RE1,URN,RE1,2045,0.0
RE1,URN,RE1,2046,0.0
RE1,URN,RE1,2047,0.0
RE1,URN,RE1,2048,0.0
RE1,URN,RE1,2049,0.0
RE1,URN,RE1,2050,0.0
RE1,URN,RE1,2051,0.0
RE1,URN,RE1,2052,0.0
RE1,URN,RE1,2053,0.0
RE1,URN,RE1,2054,0.0
RE1,LPG,RE1,2022,0.0
RE1,LPG,RE1,2023,0.0
RE1,LPG,RE1,2024,0.0
RE1,LPG,RE1,2025,0.0
RE1,LPG,RE1,2026,0.0
RE1,LPG,RE1,2027,0.0
RE1,LPG,RE1,2028,0.0
RE1,LPG,RE1,2029,0.0
RE1,LPG,RE1,2030,0.0
RE1,LPG,RE1,2031,0.0
RE1,LPG,RE1,2032,0.0
RE1,LPG,RE1,2033,0.0
RE1,LPG,RE1,2034,0.0
RE1,LPG,RE1,2035,0.0
RE1,LPG,RE1,2036,0.0
RE1,LPG,RE1,2037,0.0
RE1,LPG,RE1,2038,0.0
RE1,LPG,RE1,2039,0.0
RE1,LPG,RE1,2040,0.0
RE1,LPG,RE1,2041,0.0
RE1,LPG,RE1,2042,0.0
RE1,LPG,RE1,2043,0.0
RE1,LPG,RE1,2044,0.0
RE1,LPG,RE1,2045,0.0
RE1,LPG,RE1,2046,0.0
RE1,LPG,RE1,2047,0.0
RE1,LPG,RE1,2048,0.0
RE1,LPG,RE1,2049,0.0
RE1,LPG,RE1,2050,0.0
RE1,LPG,RE1,2051,0.0
RE1,LPG,RE1,2052,0.0
RE1,LPG,RE1,2053,0.0
RE1,LPG,RE1,2054,0.0
RE1,GEO,RE1,2022,0.0
RE1,GEO,RE1,2023,0.0
RE1,GEO,RE1,2024,0.0
RE1,GEO,RE1,2025,0.0
RE1,GEO,RE1,2026,0.0
RE1,GEO,RE1,2027,0.0
RE1,GEO,RE1,2028,0.0
RE1,GEO,RE1,2029,0.0
RE1,GEO,RE1,2030,0.0
RE1,GEO,RE1,2031,0.0
RE1,GEO,RE1,2032,0.0
RE1,GEO,RE1,2033,0.0
RE1,GEO,RE1,2034,0.0
RE1,GEO,RE1,2035,0.0
RE1,GEO,RE1,2036,0.0
RE1,GEO,RE1,2037,0.0
RE1,GEO,RE1,2038,0.0
RE1,GEO,RE1,2039,0.0
RE1,GEO,RE1,2040,0.0
RE1,GEO,RE1,2041,0.0
RE1,GEO,RE1,2042,0.0
RE1,GEO,RE1,2043,0.0
RE1,GEO,RE1,2044,0.0
RE1,GEO,RE1,2045,0.0
RE1,GEO,RE1,2046,0.0
RE1,GEO,RE1,2047,0.0
RE1,GEO,RE1,2048,0.0
RE1,GEO,RE1,2049,0.0
RE1,GEO,RE1,2050,0.0
RE1,GEO,RE1,2051,0.0
RE1,GEO,RE1,2052,0.0
RE1,GEO,RE1,2053,0.0
RE1,GEO,RE1,2054,0.0
RE1,JET,RE1,2022,0.0
RE1,JET,RE1,2023,0.0
RE1,JET,RE1,2024,0.0
RE1,JET,RE1,2025,0.0
RE1,JET,RE1,2026,0.0
RE1,JET,RE1,2027,0.0
RE1,JET,RE1,2028,0.0
RE1,JET,RE1,2029,0.0
RE1,JET,RE1,2030,0.0
RE1,JET,RE1,2031,0.0
RE1,JET,RE1,2032,0.0
RE1,JET,RE1,2033,0.0
RE1,JET,RE1,2034,0.0
RE1,JET,RE1,2035,0.0
RE1,JET,RE1,2036,0.0
RE1,JET,RE1,2037,0.0
RE1,JET,RE1,2038,0.0
RE1,JET,RE1,2039,0.0
RE1,JET,RE1,2040,0.0
RE1,JET,RE1,2041,0.0
RE1,JET,RE1,2042,0.0
RE1,JET,RE1,2043,0.0
RE1,JET,RE1,2044,0.0
RE1,JET,RE1,2045,0.0
RE1,JET,RE1,2046,0.0
RE1,JET,RE1,2047,0.0
RE1,JET,RE1,2048,0.0
RE1,JET,RE1,2049,0.0
RE1,JET,RE1,2050,0.0
RE1,JET,RE1,2051,0.0
RE1,JET,RE1,2052,0.0
RE1,JET,RE1,2053,0.0
RE1,JET,RE1,2054,0.0
RE1,LNG,RE1,2022,0.0
RE1,LNG,RE1,2023,0.0
RE1,LNG,RE1,2024,0.0
RE1,LNG,RE1,2025,0.0
RE1,LNG,RE1,2026,0.0
RE1,LNG,RE1,2027,0.0
RE1,LNG,RE1,2028,0.0
RE1,LNG,RE1,2029,0.0
RE1,LNG,RE1,2030,0.0
RE1,LNG,RE1,2031,0.0
RE1,LNG,RE1,2032,0.0
RE1,LNG,RE1,2033,0.0
RE1,LNG,RE1,2034,0.0
RE1,LNG,RE1,2035,0.0
RE1,LNG,RE1,2036,0.0
RE1,LNG,RE1,2037,0.0
RE1,LNG,RE1,2038,0.0
RE1,LNG,RE1,2039,0.0
RE1,LNG,RE1,2040,0.0
RE1,LNG,RE1,2041,0.0
RE1,LNG,RE1,2042,0.0
RE1,LNG,RE1,2043,0.0
RE1,LNG,RE1,2044,0.0
RE1,LNG,RE1,2045,0.0
RE1,LNG,RE1,2046,0.0
RE1,LNG,RE1,2047,0.0
RE1,LNG,RE1,2048,0.0
RE1,LNG,RE1,2049,0.0
RE1,LNG,RE1,2050,0.0
RE1,LNG,RE1,2051,0.0
RE1,LNG,RE1,2052,0.0
RE1,LNG,RE1,2053,0.0
RE1,LNG,RE1,2054,0.0
RE1,ELC,RE1,2022,0.0
RE1,ELC,RE1,2023,0.0
RE1,ELC,RE1,2024,0.0
RE1,ELC,RE1,2025,0.0
RE1,ELC,RE1,2026,0.0
RE1,ELC,RE1,2027,0.0
RE1,ELC,RE1,2028,0.0
RE1,ELC,RE1,2029,0.0
RE1,ELC,RE1,2030,0.0
RE1,ELC,RE1,2031,0.0
RE1,ELC,RE1,2032,0.0
RE1,ELC,RE1,2033,0.0
RE1,ELC,RE1,2034,0.0
RE1,ELC,RE1,2035,0.0
RE1,ELC,RE1,2036,0.0
RE1,ELC,RE1,2037,0.0
RE1,ELC,RE1,2038,0.0
RE1,ELC,RE1,2039,0.0
RE1,ELC,RE1,2040,0.0
RE1,ELC,RE1,2041,0.0
RE1,ELC,RE1,2042,0.0
RE1,ELC,RE1,2043,0.0
RE1,ELC,RE1,2044,0.0
RE1,ELC,RE1,2045,0.0
RE1,ELC,RE1,2046,0.0
RE1,ELC,RE1,2047,0.0
RE1,ELC,RE1,2048,0.0
RE1,ELC,RE1,2049,0.0
RE1,ELC,RE1,2050,0.0
RE1,ELC,RE1,2051,0.0
RE1,ELC,RE1,2052,0.0
RE1,ELC,RE1,2053,0.0
RE1,ELC,RE1,2054,0.0
RE1,ELC002,RE1,2022,0.0
RE1,ELC002,RE1,2023,0.0
RE1,ELC002,RE1,2024,0.0
RE1,ELC002,RE1,2025,0.0
RE1,ELC002,RE1,2026,0.0
RE1,ELC002,RE1,2027,0.0
RE1,ELC002,RE1,2028,0.0
RE1,ELC002,RE1,2029,0.0
RE1,ELC002,RE1,2030,0.0
RE1,ELC002,RE1,2031,0.0
RE1,ELC002,RE1,2032,0.0
RE1,ELC002,RE1,2033,0.0
RE1,ELC002,RE1,2034,0.0
RE1,ELC002,RE1,2035,0.0
RE1,ELC002,RE1,2036,0.0
RE1,ELC002,RE1,2037,0.0
RE1,ELC002,RE1,2038,0.0
RE1,ELC002,RE1,2039,0.0
RE1,ELC002,RE1,2040,0.0
RE1,ELC002,RE1,2041,0.0
RE1,ELC002,RE1,2042,0.0
RE1,ELC002,RE1,2043,0.0
RE1,ELC002,RE1,2044,0.0
RE1,ELC002,RE1,2045,0.0
RE1,ELC002,RE1,2046,0.0
RE1,ELC002,RE1,2047,0.0
RE1,ELC002,RE1,2048,0.0
RE1,ELC002,RE1,2049,0.0
RE1,ELC002,RE1,2050,0.0
RE1,ELC002,RE1,2051,0.0
RE1,ELC002,RE1,2052,0.0
RE1,ELC002,RE1,2053,0.0
RE1,ELC002,RE1,2054,0.0
RE1,INDDHT,RE1,2022,0.0
RE1,INDDHT,RE1,2023,0.0
RE1,INDDHT,RE1,2024,0.0
RE1,INDDHT,RE1,2025,0.0
RE1,INDDHT,RE1,2026,0.0
RE1,INDDHT,RE1,2027,0.0
RE1,INDDHT,RE1,2028,0.0
RE1,INDDHT,RE1,2029,0.0
RE1,INDDHT,RE1,2030,0.0
RE1,INDDHT,RE1,2031,0.0
RE1,INDDHT,RE1,2032,0.0
RE1,INDDHT,RE1,2033,0.0
RE1,INDDHT,RE1,2034,0.0
RE1,INDDHT,RE1,2035,0.0
RE1,INDDHT,RE1,2036,0.0
RE1,INDDHT,RE1,2037,0.0
RE1,INDDHT,RE1,2038,0.0
RE1,INDDHT,RE1,2039,0.0
RE1,INDDHT,RE1,2040,0.0
RE1,INDDHT,RE1,2041,0.0
RE1,INDDHT,RE1,2042,0.0
RE1,INDDHT,RE1,2043,0.0
RE1,INDDHT,RE1,2044,0.0
RE1,INDDHT,RE1,2045,0.0
RE1,INDDHT,RE1,2046,0.0
RE1,INDDHT,RE1,2047,0.0
RE1,INDDHT,RE1,2048,0.0
RE1,INDDHT,RE1,2049,0.0
RE1,INDDHT,RE1,2050,0.0
RE1,INDDHT,RE1,2051,0.0
RE1,INDDHT,RE1,2052,0.0
RE1,INDDHT,RE1,2053,0.0
RE1,INDDHT,RE1,2054,0.0
RE1,INDIHT,RE1,2022,0.0
RE1,INDIHT,RE1,2023,0.0
RE1,INDIHT,RE1,2024,0.0
RE1,INDIHT,RE1,2025,0.0
RE1,INDIHT,RE1,2026,0.0
RE1,INDIHT,RE1,2027,0.0
RE1,INDIHT,RE1,2028,0.0
RE1,INDIHT,RE1,2029,0.0
RE1,INDIHT,RE1,2030,0.0
RE1,INDIHT,RE1,2031,0.0
RE1,INDIHT,RE1,2032,0.0
RE1,INDIHT,RE1,2033,0.0
RE1,INDIHT,RE1,2034,0.0
RE1,INDIHT,RE1,2035,0.0
RE1,INDIHT,RE1,2036,0.0
RE1,INDIHT,RE1,2037,0.0
RE1,INDIHT,RE1,2038,0.0
RE1,INDIHT,RE1,2039,0.0
RE1,INDIHT,RE1,2040,0.0
RE1,INDIHT,RE1,2041,0.0
RE1,INDIHT,RE1,2042,0.0
RE1,INDIHT,RE1,2043,0.0
RE1,INDIHT,RE1,2044,0.0
RE1,INDIHT,RE1,2045,0.0
RE1,INDIHT,RE1,2046,0.0
RE1,INDIHT,RE1,2047,0.0
RE1,INDIHT,RE1,2048,0.0
RE1,INDIHT,RE1,2049,0.0
RE1,INDIHT,RE1,2050,0.0
RE1,INDIHT,RE1,2051,0.0
RE1,INDIHT,RE1,2052,0.0
RE1,INDIHT,RE1,2053,0.0
RE1,INDIHT,RE1,2054,0.0
RE1,INDMPW,RE1,2022,0.0
RE1,INDMPW,RE1,2023,0.0
RE1,INDMPW,RE1,2024,0.0
RE1,INDMPW,RE1,2025,0.0
RE1,INDMPW,RE1,2026,0.0
RE1,INDMPW,RE1,2027,0.0
RE1,INDMPW,RE1,2028,0.0
RE1,INDMPW,RE1,2029,0.0
RE1,INDMPW,RE1,2030,0.0
RE1,INDMPW,RE1,2031,0.0
RE1,INDMPW,RE1,2032,0.0
RE1,INDMPW,RE1,2033,0.0
RE1,INDMPW,RE1,2034,0.0
RE1,INDMPW,RE1,2035,0.0
RE1,INDMPW,RE1,2036,0.0
RE1,INDMPW,RE1,2037,0.0
RE1,INDMPW,RE1,2038,0.0
RE1,INDMPW,RE1,2039,0.0
RE1,INDMPW,RE1,2040,0.0
RE1,INDMPW,RE1,2041,0.0
RE1,INDMPW,RE1,2042,0.0
RE1,INDMPW,RE1,2043,0.0
RE1,INDMPW,RE1,2044,0.0
RE1,INDMPW,RE1,2045,0.0
RE1,INDMPW,RE1,2046,0.0
RE1,INDMPW,RE1,2047,0.0
RE1,INDMPW,RE1,2048,0.0
RE1,INDMPW,RE1,2049,0.0
RE1,INDMPW,RE1,2050,0.0
RE1,INDMPW,RE1,2051,0.0
RE1,INDMPW,RE1,2052,0.0
RE1,INDMPW,RE1,2053,0.0
RE1,INDMPW,RE1,2054,0.0
RE1,INDILU,RE1,2022,0.0
RE1,INDILU,RE1,2023,0.0
RE1,INDILU,RE1,2024,0.0
RE1,INDILU,RE1,2025,0.0
RE1,INDILU,RE1,2026,0.0
RE1,INDILU,RE1,2027,0.0
RE1,INDILU,RE1,2028,0.0
RE1,INDILU,RE1,2029,0.0
RE1,INDILU,RE1,2030,0.0
RE1,INDILU,RE1,2031,0.0
RE1,INDILU,RE1,2032,0.0
RE1,INDILU,RE1,2033,0.0
RE1,INDILU,RE1,2034,0.0
RE1,INDILU,RE1,2035,0.0
RE1,INDILU,RE1,2036,0.0
RE1,INDILU,RE1,2037,0.0
RE1,INDILU,RE1,2038,0.0
RE1,INDILU,RE1,2039,0.0
RE1,INDILU,RE1,2040,0.0
RE1,INDILU,RE1,2041,0.0
RE1,INDILU,RE1,2042,0.0
RE1,INDILU,RE1,2043,0.0
RE1,INDILU,RE1,2044,0.0
RE1,INDILU,RE1,2045,0.0
RE1,INDILU,RE1,2046,0.0
RE1,INDILU,RE1,2047,0.0
RE1,INDILU,RE1,2048,0.0
RE1,INDILU,RE1,2049,0.0
RE1,INDILU,RE1,2050,0.0
RE1,INDILU,RE1,2051,0.0
RE1,INDILU,RE1,2052,0.0
RE1,INDILU,RE1,2053,0.0
RE1,INDILU,RE1,2054,0.0
RE1,INDOTH,RE1,2022,0.0
RE1,INDOTH,RE1,2023,0.0
RE1,INDOTH,RE1,2024,0.0
RE1,INDOTH,RE1,2025,0.0
RE1,INDOTH,RE1,2026,0.0
RE1,INDOTH,RE1,2027,0.0
RE1,INDOTH,RE1,2028,0.0
RE1,INDOTH,RE1,2029,0.0
RE1,INDOTH,RE1,2030,0.0
RE1,INDOTH,RE1,2031,0.0
RE1,INDOTH,RE1,2032,0.0
RE1,INDOTH,RE1,2033,0.0
RE1,INDOTH,RE1,2034,0.0
RE1,INDOTH,RE1,2035,0.0
RE1,INDOTH,RE1,2036,0.0
RE1,INDOTH,RE1,2037,0.0
RE1,INDOTH,RE1,2038,0.0
RE1,INDOTH,RE1,2039,0.0
RE1,INDOTH,RE1,2040,0.0
RE1,INDOTH,RE1,2041,0.0
RE1,INDOTH,RE1,2042,0.0
RE1,INDOTH,RE1,2043,0.0
RE1,INDOTH,RE1,2044,0.0
RE1,INDOTH,RE1,2045,0.0
RE1,INDOTH,RE1,2046,0.0
RE1,INDOTH,RE1,2047,0.0
RE1,INDOTH,RE1,2048,0.0
RE1,INDOTH,RE1,2049,0.0
RE1,INDOTH,RE1,2050,0.0
RE1,INDOTH,RE1,2051,0.0
RE1,INDOTH,RE1,2052,0.0
RE1,INDOTH,RE1,2053,0.0
RE1,INDOTH,RE1,2054,0.0
RE1,TERDHT,RE1,2022,0.0
RE1,TERDHT,RE1,2023,0.0
RE1,TERDHT,RE1,2024,0.0
RE1,TERDHT,RE1,2025,0.0
RE1,TERDHT,RE1,2026,0.0
RE1,TERDHT,RE1,2027,0.0
RE1,TERDHT,RE1,2028,0.0
RE1,TERDHT,RE1,2029,0.0
RE1,TERDHT,RE1,2030,0.0
RE1,TERDHT,RE1,2031,0.0
RE1,TERDHT,RE1,2032,0.0
RE1,TERDHT,RE1,2033,0.0
RE1,TERDHT,RE1,2034,0.0
RE1,TERDHT,RE1,2035,0.0
RE1,TERDHT,RE1,2036,0.0
RE1,TERDHT,RE1,2037,0.0
RE1,TERDHT,RE1,2038,0.0
RE1,TERDHT,RE1,2039,0.0
RE1,TERDHT,RE1,2040,0.0
RE1,TERDHT,RE1,2041,0.0
RE1,TERDHT,RE1,2042,0.0
RE1,TERDHT,RE1,2043,0.0
RE1,TERDHT,RE1,2044,0.0
RE1,TERDHT,RE1,2045,0.0
RE1,TERDHT,RE1,2046,0.0
RE1,TERDHT,RE1,2047,0.0
RE1,TERDHT,RE1,2048,0.0
RE1,TERDHT,RE1,2049,0.0
RE1,TERDHT,RE1,2050,0.0
RE1,TERDHT,RE1,2051,0.0
RE1,TERDHT,RE1,2052,0.0
RE1,TERDHT,RE1,2053,0.0
RE1,TERDHT,RE1,2054,0.0
RE1,TERIHT,RE1,2022,0.0
RE1,TERIHT,RE1,2023,0.0
RE1,TERIHT,RE1,2024,0.0
RE1,TERIHT,RE1,2025,0.0
RE1,TERIHT,RE1,2026,0.0
RE1,TERIHT,RE1,2027,0.0
RE1,TERIHT,RE1,2028,0.0
RE1,TERIHT,RE1,2029,0.0
RE1,TERIHT,RE1,2030,0.0
RE1,TERIHT,RE1,2031,0.0
RE1,TERIHT,RE1,2032,0.0
RE1,TERIHT,RE1,2033,0.0
RE1,TERIHT,RE1,2034,0.0
RE1,TERIHT,RE1,2035,0.0
RE1,TERIHT,RE1,2036,0.0
RE1,TERIHT,RE1,2037,0.0
RE1,TERIHT,RE1,2038,0.0
RE1,TERIHT,RE1,2039,0.0
RE1,TERIHT,RE1,2040,0.0
RE1,TERIHT,RE1,2041,0.0
RE1,TERIHT,RE1,2042,0.0
RE1,TERIHT,RE1,2043,0.0
RE1,TERIHT,RE1,2044,0.0
RE1,TERIHT,RE1,2045,0.0
RE1,TERIHT,RE1,2046,0.0
RE1,TERIHT,RE1,2047,0.0
RE1,TERIHT,RE1,2048,0.0
RE1,TERIHT,RE1,2049,0.0
RE1,TERIHT,RE1,2050,0.0
RE1,TERIHT,RE1,2051,0.0
RE1,TERIHT,RE1,2052,0.0
RE1,TERIHT,RE1,2053,0.0
RE1,TERIHT,RE1,2054,0.0
RE1,TERMPW,RE1,2022,0.0
RE1,TERMPW,RE1,2023,0.0
RE1,TERMPW,RE1,2024,0.0
RE1,TERMPW,RE1,2025,0.0
RE1,TERMPW,RE1,2026,0.0
RE1,TERMPW,RE1,2027,0.0
RE1,TERMPW,RE1,2028,0.0
RE1,TERMPW,RE1,2029,0.0
RE1,TERMPW,RE1,2030,0.0
RE1,TERMPW,RE1,2031,0.0
RE1,TERMPW,RE1,2032,0.0
RE1,TERMPW,RE1,2033,0.0
RE1,TERMPW,RE1,2034,0.0
RE1,TERMPW,RE1,2035,0.0
RE1,TERMPW,RE1,2036,0.0
RE1,TERMPW,RE1,2037,0.0
RE1,TERMPW,RE1,2038,0.0
RE1,TERMPW,RE1,2039,0.0
RE1,TERMPW,RE1,2040,0.0
RE1,TERMPW,RE1,2041,0.0
RE1,TERMPW,RE1,2042,0.0
RE1,TERMPW,RE1,2043,0.0
RE1,TERMPW,RE1,2044,0.0
RE1,TERMPW,RE1,2045,0.0
RE1,TERMPW,RE1,2046,0.0
RE1,TERMPW,RE1,2047,0.0
RE1,TERMPW,RE1,2048,0.0
RE1,TERMPW,RE1,2049,0.0
RE1,TERMPW,RE1,2050,0.0
RE1,TERMPW,RE1,2051,0.0
RE1,TERMPW,RE1,2052,0.0
RE1,TERMPW,RE1,2053,0.0
RE1,TERMPW,RE1,2054,0.0
RE1,TERREF,RE1,2022,0.0
RE1,TERREF,RE1,2023,0.0
RE1,TERREF,RE1,2024,0.0
RE1,TERREF,RE1,2025,0.0
RE1,TERREF,RE1,2026,0.0
RE1,TERREF,RE1,2027,0.0
RE1,TERREF,RE1,2028,0.0
RE1,TERREF,RE1,2029,0.0
RE1,TERREF,RE1,2030,0.0
RE1,TERREF,RE1,2031,0.0
RE1,TERREF,RE1,2032,0.0
RE1,TERREF,RE1,2033,0.0
RE1,TERREF,RE1,2034,0.0
RE1,TERREF,RE1,2035,0.0
RE1,TERREF,RE1,2036,0.0
RE1,TERREF,RE1,2037,0.0
RE1,TERREF,RE1,2038,0.0
RE1,TERREF,RE1,2039,0.0
RE1,TERREF,RE1,2040,0.0
RE1,TERREF,RE1,2041,0.0
RE1,TERREF,RE1,2042,0.0
RE1,TERREF,RE1,2043,0.0
RE1,TERREF,RE1,2044,0.0
RE1,TERREF,RE1,2045,0.0
RE1,TERREF,RE1,2046,0.0
RE1,TERREF,RE1,2047,0.0
RE1,TERREF,RE1,2048,0.0
RE1,TERREF,RE1,2049,0.0
RE1,TERREF,RE1,2050,0.0
RE1,TERREF,RE1,2051,0.0
RE1,TERREF,RE1,2052,0.0
RE1,TERREF,RE1,2053,0.0
RE1,TERREF,RE1,2054,0.0
RE1,TEROTH,RE1,2022,0.0
RE1,TEROTH,RE1,2023,0.0
RE1,TEROTH,RE1,2024,0.0
RE1,TEROTH,RE1,2025,0.0
RE1,TEROTH,RE1,2026,0.0
RE1,TEROTH,RE1,2027,0.0
RE1,TEROTH,RE1,2028,0.0
RE1,TEROTH,RE1,2029,0.0
RE1,TEROTH,RE1,2030,0.0
RE1,TEROTH,RE1,2031,0.0
RE1,TEROTH,RE1,2032,0.0
RE1,TEROTH,RE1,2033,0.0
RE1,TEROTH,RE1,2034,0.0
RE1,TEROTH,RE1,2035,0.0
RE1,TEROTH,RE1,2036,0.0
RE1,TEROTH,RE1,2037,0.0
RE1,TEROTH,RE1,2038,0.0
RE1,TEROTH,RE1,2039,0.0
RE1,TEROTH,RE1,2040,0.0
RE1,TEROTH,RE1,2041,0.0
RE1,TEROTH,RE1,2042,0.0
RE1,TEROTH,RE1,2043,0.0
RE1,TEROTH,RE1,2044,0.0
RE1,TEROTH,RE1,2045,0.0
RE1,TEROTH,RE1,2046,0.0
RE1,TEROTH,RE1,2047,0.0
RE1,TEROTH,RE1,2048,0.0
RE1,TEROTH,RE1,2049,0.0
RE1,TEROTH,RE1,2050,0.0
RE1,TEROTH,RE1,2051,0.0
RE1,TEROTH,RE1,2052,0.0
RE1,TEROTH,RE1,2053,0.0
RE1,TEROTH,RE1,2054,0.0
RE1,RESDHT_URB,RE1,2022,0.0
RE1,RESDHT_URB,RE1,2023,0.0
RE1,RESDHT_URB,RE1,2024,0.0
RE1,RESDHT_URB,RE1,2025,0.0
RE1,RESDHT_URB,RE1,2026,0.0
RE1,RESDHT_URB,RE1,2027,0.0
RE1,RESDHT_URB,RE1,2028,0.0
RE1,RESDHT_URB,RE1,2029,0.0
RE1,RESDHT_URB,RE1,2030,0.0
RE1,RESDHT_URB,RE1,2031,0.0
RE1,RESDHT_URB,RE1,2032,0.0
RE1,RESDHT_URB,RE1,2033,0.0
RE1,RESDHT_URB,RE1,2034,0.0
RE1,RESDHT_URB,RE1,2035,0.0
RE1,RESDHT_URB,RE1,2036,0.0
RE1,RESDHT_URB,RE1,2037,0.0
RE1,RESDHT_URB,RE1,2038,0.0
RE1,RESDHT_URB,RE1,2039,0.0
RE1,RESDHT_URB,RE1,2040,0.0
RE1,RESDHT_URB,RE1,2041,0.0
RE1,RESDHT_URB,RE1,2042,0.0
RE1,RESDHT_URB,RE1,2043,0.0
RE1,RESDHT_URB,RE1,2044,0.0
RE1,RESDHT_URB,RE1,2045,0.0
RE1,RESDHT_URB,RE1,2046,0.0
RE1,RESDHT_URB,RE1,2047,0.0
RE1,RESDHT_URB,RE1,2048,0.0
RE1,RESDHT_URB,RE1,2049,0.0
RE1,RESDHT_URB,RE1,2050,0.0
RE1,RESDHT_URB,RE1,2051,0.0
RE1,RESDHT_URB,RE1,2052,0.0
RE1,RESDHT_URB,RE1,2053,0.0
RE1,RESDHT_URB,RE1,2054,0.0
RE1,RESWHT_URB,RE1,2022,0.0
RE1,RESWHT_URB,RE1,2023,0.0
RE1,RESWHT_URB,RE1,2024,0.0
RE1,RESWHT_URB,RE1,2025,0.0
RE1,RESWHT_URB,RE1,2026,0.0
RE1,RESWHT_URB,RE1,2027,0.0
RE1,RESWHT_URB,RE1,2028,0.0
RE1,RESWHT_URB,RE1,2029,0.0
RE1,RESWHT_URB,RE1,2030,0.0
RE1,RESWHT_URB,RE1,2031,0.0
RE1,RESWHT_URB,RE1,2032,0.0
RE1,RESWHT_URB,RE1,2033,0.0
RE1,RESWHT_URB,RE1,2034,0.0
RE1,RESWHT_URB,RE1,2035,0.0
RE1,RESWHT_URB,RE1,2036,0.0
RE1,RESWHT_URB,RE1,2037,0.0
RE1,RESWHT_URB,RE1,2038,0.0
RE1,RESWHT_URB,RE1,2039,0.0
RE1,RESWHT_URB,RE1,2040,0.0
RE1,RESWHT_URB,RE1,2041,0.0
RE1,RESWHT_URB,RE1,2042,0.0
RE1,RESWHT_URB,RE1,2043,0.0
RE1,RESWHT_URB,RE1,2044,0.0
RE1,RESWHT_URB,RE1,2045,0.0
RE1,RESWHT_URB,RE1,2046,0.0
RE1,RESWHT_URB,RE1,2047,0.0
RE1,RESWHT_URB,RE1,2048,0.0
RE1,RESWHT_URB,RE1,2049,0.0
RE1,RESWHT_URB,RE1,2050,0.0
RE1,RESWHT_URB,RE1,2051,0.0
RE1,RESWHT_URB,RE1,2052,0.0
RE1,RESWHT_URB,RE1,2053,0.0
RE1,RESWHT_URB,RE1,2054,0.0
RE1,RESWSH_URB,RE1,2022,0.0
RE1,RESWSH_URB,RE1,2023,0.0
RE1,RESWSH_URB,RE1,2024,0.0
RE1,RESWSH_URB,RE1,2025,0.0
RE1,RESWSH_URB,RE1,2026,0.0
RE1,RESWSH_URB,RE1,2027,0.0
RE1,RESWSH_URB,RE1,2028,0.0
RE1,RESWSH_URB,RE1,2029,0.0
RE1,RESWSH_URB,RE1,2030,0.0
RE1,RESWSH_URB,RE1,2031,0.0
RE1,RESWSH_URB,RE1,2032,0.0
RE1,RESWSH_URB,RE1,2033,0.0
RE1,RESWSH_URB,RE1,2034,0.0
RE1,RESWSH_URB,RE1,2035,0.0
RE1,RESWSH_URB,RE1,2036,0.0
RE1,RESWSH_URB,RE1,2037,0.0
RE1,RESWSH_URB,RE1,2038,0.0
RE1,RESWSH_URB,RE1,2039,0.0
RE1,RESWSH_URB,RE1,2040,0.0
RE1,RESWSH_URB,RE1,2041,0.0
RE1,RESWSH_URB,RE1,2042,0.0
RE1,RESWSH_URB,RE1,2043,0.0
RE1,RESWSH_URB,RE1,2044,0.0
RE1,RESWSH_URB,RE1,2045,0.0
RE1,RESWSH_URB,RE1,2046,0.0
RE1,RESWSH_URB,RE1,2047,0.0
RE1,RESWSH_URB,RE1,2048,0.0
RE1,RESWSH_URB,RE1,2049,0.0
RE1,RESWSH_URB,RE1,2050,0.0
RE1,RESWSH_URB,RE1,2051,0.0
RE1,RESWSH_URB,RE1,2052,0.0
RE1,RESWSH_URB,RE1,2053,0.0
RE1,RESWSH_URB,RE1,2054,0.0
RE1,RESILU_URB,RE1,2022,0.0
RE1,RESILU_URB,RE1,2023,0.0
RE1,RESILU_URB,RE1,2024,0.0
RE1,RESILU_URB,RE1,2025,0.0
RE1,RESILU_URB,RE1,2026,0.0
RE1,RESILU_URB,RE1,2027,0.0
RE1,RESILU_URB,RE1,2028,0.0
RE1,RESILU_URB,RE1,2029,0.0
RE1,RESILU_URB,RE1,2030,0.0
RE1,RESILU_URB,RE1,2031,0.0
RE1,RESILU_URB,RE1,2032,0.0
RE1,RESILU_URB,RE1,2033,0.0
RE1,RESILU_URB,RE1,2034,0.0
RE1,RESILU_URB,RE1,2035,0.0
RE1,RESILU_URB,RE1,2036,0.0
RE1,RESILU_URB,RE1,2037,0.0
RE1,RESILU_URB,RE1,2038,0.0
RE1,RESILU_URB,RE1,2039,0.0
RE1,RESILU_URB,RE1,2040,0.0
RE1,RESILU_URB,RE1,2041,0.0
RE1,RESILU_URB,RE1,2042,0.0
RE1,RESILU_URB,RE1,2043,0.0
RE1,RESILU_URB,RE1,2044,0.0
RE1,RESILU_URB,RE1,2045,0.0
RE1,RESILU_URB,RE1,2046,0.0
RE1,RESILU_URB,RE1,2047,0.0
RE1,RESILU_URB,RE1,2048,0.0
RE1,RESILU_URB,RE1,2049,0.0
RE1,RESILU_URB,RE1,2050,0.0
RE1,RESILU_URB,RE1,2051,0.0
RE1,RESILU_URB,RE1,2052,0.0
RE1,RESILU_URB,RE1,2053,0.0
RE1,RESILU_URB,RE1,2054,0.0
RE1,RESOTH_URB,RE1,2022,0.0
RE1,RESOTH_URB,RE1,2023,0.0
RE1,RESOTH_URB,RE1,2024,0.0
RE1,RESOTH_URB,RE1,2025,0.0
RE1,RESOTH_URB,RE1,2026,0.0
RE1,RESOTH_URB,RE1,2027,0.0
RE1,RESOTH_URB,RE1,2028,0.0
RE1,RESOTH_URB,RE1,2029,0.0
RE1,RESOTH_URB,RE1,2030,0.0
RE1,RESOTH_URB,RE1,2031,0.0
RE1,RESOTH_URB,RE1,2032,0.0
RE1,RESOTH_URB,RE1,2033,0.0
RE1,RESOTH_URB,RE1,2034,0.0
RE1,RESOTH_URB,RE1,2035,0.0
RE1,RESOTH_URB,RE1,2036,0.0
RE1,RESOTH_URB,RE1,2037,0.0
RE1,RESOTH_URB,RE1,2038,0.0
RE1,RESOTH_URB,RE1,2039,0.0
RE1,RESOTH_URB,RE1,2040,0.0
RE1,RESOTH_URB,RE1,2041,0.0
RE1,RESOTH_URB,RE1,2042,0.0
RE1,RESOTH_URB,RE1,2043,0.0
RE1,RESOTH_URB,RE1,2044,0.0
RE1,RESOTH_URB,RE1,2045,0.0
RE1,RESOTH_URB,RE1,2046,0.0
RE1,RESOTH_URB,RE1,2047,0.0
RE1,RESOTH_URB,RE1,2048,0.0
RE1,RESOTH_URB,RE1,2049,0.0
RE1,RESOTH_URB,RE1,2050,0.0
RE1,RESOTH_URB,RE1,2051,0.0
RE1,RESOTH_URB,RE1,2052,0.0
RE1,RESOTH_URB,RE1,2053,0.0
RE1,RESOTH_URB,RE1,2054,0.0
RE1,NSEELC,RE1,2022,0.0
RE1,NSEELC,RE1,2023,0.0
RE1,NSEELC,RE1,2024,0.0
RE1,NSEELC,RE1,2025,0.0
RE1,NSEELC,RE1,2026,0.0
RE1,NSEELC,RE1,2027,0.0
RE1,NSEELC,RE1,2028,0.0
RE1,NSEELC,RE1,2029,0.0
RE1,NSEELC,RE1,2030,0.0
RE1,NSEELC,RE1,2031,0.0
RE1,NSEELC,RE1,2032,0.0
RE1,NSEELC,RE1,2033,0.0
RE1,NSEELC,RE1,2034,0.0
RE1,NSEELC,RE1,2035,0.0
RE1,NSEELC,RE1,2036,0.0
RE1,NSEELC,RE1,2037,0.0
RE1,NSEELC,RE1,2038,0.0
RE1,NSEELC,RE1,2039,0.0
RE1,NSEELC,RE1,2040,0.0
RE1,NSEELC,RE1,2041,0.0
RE1,NSEELC,RE1,2042,0.0
RE1,NSEELC,RE1,2043,0.0
RE1,NSEELC,RE1,2044,0.0
RE1,NSEELC,RE1,2045,0.0
RE1,NSEELC,RE1,2046,0.0
RE1,NSEELC,RE1,2047,0.0
RE1,NSEELC,RE1,2048,0.0
RE1,NSEELC,RE1,2049,0.0
RE1,NSEELC,RE1,2050,0.0
RE1,NSEELC,RE1,2051,0.0
RE1,NSEELC,RE1,2052,0.0
RE1,NSEELC,RE1,2053,0.0
RE1,NSEELC,RE1,2054,0.0
RE1,AGFHEA,RE1,2022,0.0
RE1,AGFHEA,RE1,2023,0.0
RE1,AGFHEA,RE1,2024,0.0
RE1,AGFHEA,RE1,2025,0.0
RE1,AGFHEA,RE1,2026,0.0
RE1,AGFHEA,RE1,2027,0.0
RE1,AGFHEA,RE1,2028,0.0
RE1,AGFHEA,RE1,2029,0.0
RE1,AGFHEA,RE1,2030,0.0
RE1,AGFHEA,RE1,2031,0.0
RE1,AGFHEA,RE1,2032,0.0
RE1,AGFHEA,RE1,2033,0.0
RE1,AGFHEA,RE1,2034,0.0
RE1,AGFHEA,RE1,2035,0.0
RE1,AGFHEA,RE1,2036,0.0
RE1,AGFHEA,RE1,2037,0.0
RE1,AGFHEA,RE1,2038,0.0
RE1,AGFHEA,RE1,2039,0.0
RE1,AGFHEA,RE1,2040,0.0
RE1,AGFHEA,RE1,2041,0.0
RE1,AGFHEA,RE1,2042,0.0
RE1,AGFHEA,RE1,2043,0.0
RE1,AGFHEA,RE1,2044,0.0
RE1,AGFHEA,RE1,2045,0.0
RE1,AGFHEA,RE1,2046,0.0
RE1,AGFHEA,RE1,2047,0.0
RE1,AGFHEA,RE1,2048,0.0
RE1,AGFHEA,RE1,2049,0.0
RE1,AGFHEA,RE1,2050,0.0
RE1,AGFHEA,RE1,2051,0.0
RE1,AGFHEA,RE1,2052,0.0
RE1,AGFHEA,RE1,2053,0.0
RE1,AGFHEA,RE1,2054,0.0
RE1,TRABUS,RE1,2022,0.0
RE1,TRABUS,RE1,2023,0.0
RE1,TRABUS,RE1,2024,0.0
RE1,TRABUS,RE1,2025,0.0
RE1,TRABUS,RE1,2026,0.0
RE1,TRABUS,RE1,2027,0.0
RE1,TRABUS,RE1,2028,0.0
RE1,TRABUS,RE1,2029,0.0
RE1,TRABUS,RE1,2030,0.0
RE1,TRABUS,RE1,2031,0.0
RE1,TRABUS,RE1,2032,0.0
RE1,TRABUS,RE1,2033,0.0
RE1,TRABUS,RE1,2034,0.0
RE1,TRABUS,RE1,2035,0.0
RE1,TRABUS,RE1,2036,0.0
RE1,TRABUS,RE1,2037,0.0
RE1,TRABUS,RE1,2038,0.0
RE1,TRABUS,RE1,2039,0.0
RE1,TRABUS,RE1,2040,0.0
RE1,TRABUS,RE1,2041,0.0
RE1,TRABUS,RE1,2042,0.0
RE1,TRABUS,RE1,2043,0.0
RE1,TRABUS,RE1,2044,0.0
RE1,TRABUS,RE1,2045,0.0
RE1,TRABUS,RE1,2046,0.0
RE1,TRABUS,RE1,2047,0.0
RE1,TRABUS,RE1,2048,0.0
RE1,TRABUS,RE1,2049,0.0
RE1,TRABUS,RE1,2050,0.0
RE1,TRABUS,RE1,2051,0.0
RE1,TRABUS,RE1,2052,0.0
RE1,TRABUS,RE1,2053,0.0
RE1,TRABUS,RE1,2054,0.0
RE1,TERCLIM,RE1,2022,0.0
RE1,TERCLIM,RE1,2023,0.0
RE1,TERCLIM,RE1,2024,0.0
RE1,TERCLIM,RE1,2025,0.0
RE1,TERCLIM,RE1,2026,0.0
RE1,TERCLIM,RE1,2027,0.0
RE1,TERCLIM,RE1,2028,0.0
RE1,TERCLIM,RE1,2029,0.0
RE1,TERCLIM,RE1,2030,0.0
RE1,TERCLIM,RE1,2031,0.0
RE1,TERCLIM,RE1,2032,0.0
RE1,TERCLIM,RE1,2033,0.0
RE1,TERCLIM,RE1,2034,0.0
RE1,TERCLIM,RE1,2035,0.0
RE1,TERCLIM,RE1,2036,0.0
RE1,TERCLIM,RE1,2037,0.0
RE1,TERCLIM,RE1,2038,0.0
RE1,TERCLIM,RE1,2039,0.0
RE1,TERCLIM,RE1,2040,0.0
RE1,TERCLIM,RE1,2041,0.0
RE1,TERCLIM,RE1,2042,0.0
RE1,TERCLIM,RE1,2043,0.0
RE1,TERCLIM,RE1,2044,0.0
RE1,TERCLIM,RE1,2045,0.0
RE1,TERCLIM,RE1,2046,0.0
RE1,TERCLIM,RE1,2047,0.0
RE1,TERCLIM,RE1,2048,0.0
RE1,TERCLIM,RE1,2049,0.0
RE1,TERCLIM,RE1,2050,0.0
RE1,TERCLIM,RE1,2051,0.0
RE1,TERCLIM,RE1,2052,0.0
RE1,TERCLIM,RE1,2053,0.0
RE1,TERCLIM,RE1,2054,0.0
RE1,AGFELC,RE1,2022,0.0
RE1,AGFELC,RE1,2023,0.0
RE1,AGFELC,RE1,2024,0.0
RE1,AGFELC,RE1,2025,0.0
RE1,AGFELC,RE1,2026,0.0
RE1,AGFELC,RE1,2027,0.0
RE1,AGFELC,RE1,2028,0.0
RE1,AGFELC,RE1,2029,0.0
RE1,AGFELC,RE1,2030,0.0
RE1,AGFELC,RE1,2031,0.0
RE1,AGFELC,RE1,2032,0.0
RE1,AGFELC,RE1,2033,0.0
RE1,AGFELC,RE1,2034,0.0
RE1,AGFELC,RE1,2035,0.0
RE1,AGFELC,RE1,2036,0.0
RE1,AGFELC,RE1,2037,0.0
RE1,AGFELC,RE1,2038,0.0
RE1,AGFELC,RE1,2039,0.0
RE1,AGFELC,RE1,2040,0.0
RE1,AGFELC,RE1,2041,0.0
RE1,AGFELC,RE1,2042,0.0
RE1,AGFELC,RE1,2043,0.0
RE1,AGFELC,RE1,2044,0.0
RE1,AGFELC,RE1,2045,0.0
RE1,AGFELC,RE1,2046,0.0
RE1,AGFELC,RE1,2047,0.0
RE1,AGFELC,RE1,2048,0.0
RE1,AGFELC,RE1,2049,0.0
RE1,AGFELC,RE1,2050,0.0
RE1,AGFELC,RE1,2051,0.0
RE1,AGFELC,RE1,2052,0.0
RE1,AGFELC,RE1,2053,0.0
RE1,AGFELC,RE1,2054,0.0
RE1,TRAAVI,RE1,2022,0.0
RE1,TRAAVI,RE1,2023,0.0
RE1,TRAAVI,RE1,2024,0.0
RE1,TRAAVI,RE1,2025,0.0
RE1,TRAAVI,RE1,2026,0.0
RE1,TRAAVI,RE1,2027,0.0
RE1,TRAAVI,RE1,2028,0.0
RE1,TRAAVI,RE1,2029,0.0
RE1,TRAAVI,RE1,2030,0.0
RE1,TRAAVI,RE1,2031,0.0
RE1,TRAAVI,RE1,2032,0.0
RE1,TRAAVI,RE1,2033,0.0
RE1,TRAAVI,RE1,2034,0.0
RE1,TRAAVI,RE1,2035,0.0
RE1,TRAAVI,RE1,2036,0.0
RE1,TRAAVI,RE1,2037,0.0
RE1,TRAAVI,RE1,2038,0.0
RE1,TRAAVI,RE1,2039,0.0
RE1,TRAAVI,RE1,2040,0.0
RE1,TRAAVI,RE1,2041,0.0
RE1,TRAAVI,RE1,2042,0.0
RE1,TRAAVI,RE1,2043,0.0
RE1,TRAAVI,RE1,2044,0.0
RE1,TRAAVI,RE1,2045,0.0
RE1,TRAAVI,RE1,2046,0.0
RE1,TRAAVI,RE1,2047,0.0
RE1,TRAAVI,RE1,2048,0.0
RE1,TRAAVI,RE1,2049,0.0
RE1,TRAAVI,RE1,2050,0.0
RE1,TRAAVI,RE1,2051,0.0
RE1,TRAAVI,RE1,2052,0.0
RE1,TRAAVI,RE1,2053,0.0
RE1,TRAAVI,RE1,2054,0.0
RE1,TRALPV,RE1,2022,0.0
RE1,TRALPV,RE1,2023,0.0
RE1,TRALPV,RE1,2024,0.0
RE1,TRALPV,RE1,2025,0.0
RE1,TRALPV,RE1,2026,0.0
RE1,TRALPV,RE1,2027,0.0
RE1,TRALPV,RE1,2028,0.0
RE1,TRALPV,RE1,2029,0.0
RE1,TRALPV,RE1,2030,0.0
RE1,TRALPV,RE1,2031,0.0
RE1,TRALPV,RE1,2032,0.0
RE1,TRALPV,RE1,2033,0.0
RE1,TRALPV,RE1,2034,0.0
RE1,TRALPV,RE1,2035,0.0
RE1,TRALPV,RE1,2036,0.0
RE1,TRALPV,RE1,2037,0.0
RE1,TRALPV,RE1,2038,0.0
RE1,TRALPV,RE1,2039,0.0
RE1,TRALPV,RE1,2040,0.0
RE1,TRALPV,RE1,2041,0.0
RE1,TRALPV,RE1,2042,0.0
RE1,TRALPV,RE1,2043,0.0
RE1,TRALPV,RE1,2044,0.0
RE1,TRALPV,RE1,2045,0.0
RE1,TRALPV,RE1,2046,0.0
RE1,TRALPV,RE1,2047,0.0
RE1,TRALPV,RE1,2048,0.0
RE1,TRALPV,RE1,2049,0.0
RE1,TRALPV,RE1,2050,0.0
RE1,TRALPV,RE1,2051,0.0
RE1,TRALPV,RE1,2052,0.0
RE1,TRALPV,RE1,2053,0.0
RE1,TRALPV,RE1,2054,0.0
RE1,TRAFWD,RE1,2022,0.0
RE1,TRAFWD,RE1,2023,0.0
RE1,TRAFWD,RE1,2024,0.0
RE1,TRAFWD,RE1,2025,0.0
RE1,TRAFWD,RE1,2026,0.0
RE1,TRAFWD,RE1,2027,0.0
RE1,TRAFWD,RE1,2028,0.0
RE1,TRAFWD,RE1,2029,0.0
RE1,TRAFWD,RE1,2030,0.0
RE1,TRAFWD,RE1,2031,0.0
RE1,TRAFWD,RE1,2032,0.0
RE1,TRAFWD,RE1,2033,0.0
RE1,TRAFWD,RE1,2034,0.0
RE1,TRAFWD,RE1,2035,0.0
RE1,TRAFWD,RE1,2036,0.0
RE1,TRAFWD,RE1,2037,0.0
RE1,TRAFWD,RE1,2038,0.0
RE1,TRAFWD,RE1,2039,0.0
RE1,TRAFWD,RE1,2040,0.0
RE1,TRAFWD,RE1,2041,0.0
RE1,TRAFWD,RE1,2042,0.0
RE1,TRAFWD,RE1,2043,0.0
RE1,TRAFWD,RE1,2044,0.0
RE1,TRAFWD,RE1,2045,0.0
RE1,TRAFWD,RE1,2046,0.0
RE1,TRAFWD,RE1,2047,0.0
RE1,TRAFWD,RE1,2048,0.0
RE1,TRAFWD,RE1,2049,0.0
RE1,TRAFWD,RE1,2050,0.0
RE1,TRAFWD,RE1,2051,0.0
RE1,TRAFWD,RE1,2052,0.0
RE1,TRAFWD,RE1,2053,0.0
RE1,TRAFWD,RE1,2054,0.0
RE1,TRATCK,RE1,2022,0.0
RE1,TRATCK,RE1,2023,0.0
RE1,TRATCK,RE1,2024,0.0
RE1,TRATCK,RE1,2025,0.0
RE1,TRATCK,RE1,2026,0.0
RE1,TRATCK,RE1,2027,0.0
RE1,TRATCK,RE1,2028,0.0
RE1,TRATCK,RE1,2029,0.0
RE1,TRATCK,RE1,2030,0.0
RE1,TRATCK,RE1,2031,0.0
RE1,TRATCK,RE1,2032,0.0
RE1,TRATCK,RE1,2033,0.0
RE1,TRATCK,RE1,2034,0.0
RE1,TRATCK,RE1,2035,0.0
RE1,TRATCK,RE1,2036,0.0
RE1,TRATCK,RE1,2037,0.0
RE1,TRATCK,RE1,2038,0.0
RE1,TRATCK,RE1,2039,0.0
RE1,TRATCK,RE1,2040,0.0
RE1,TRATCK,RE1,2041,0.0
RE1,TRATCK,RE1,2042,0.0
RE1,TRATCK,RE1,2043,0.0
RE1,TRATCK,RE1,2044,0.0
RE1,TRATCK,RE1,2045,0.0
RE1,TRATCK,RE1,2046,0.0
RE1,TRATCK,RE1,2047,0.0
RE1,TRATCK,RE1,2048,0.0
RE1,TRATCK,RE1,2049,0.0
RE1,TRATCK,RE1,2050,0.0
RE1,TRATCK,RE1,2051,0.0
RE1,TRATCK,RE1,2052,0.0
RE1,TRATCK,RE1,2053,0.0
RE1,TRATCK,RE1,2054,0.0
RE1,TRAMTC,RE1,2022,0.0
RE1,TRAMTC,RE1,2023,0.0
RE1,TRAMTC,RE1,2024,0.0
RE1,TRAMTC,RE1,2025,0.0
RE1,TRAMTC,RE1,2026,0.0
RE1,TRAMTC,RE1,2027,0.0
RE1,TRAMTC,RE1,2028,0.0
RE1,TRAMTC,RE1,2029,0.0
RE1,TRAMTC,RE1,2030,0.0
RE1,TRAMTC,RE1,2031,0.0
RE1,TRAMTC,RE1,2032,0.0
RE1,TRAMTC,RE1,2033,0.0
RE1,TRAMTC,RE1,2034,0.0
RE1,TRAMTC,RE1,2035,0.0
RE1,TRAMTC,RE1,2036,0.0
RE1,TRAMTC,RE1,2037,0.0
RE1,TRAMTC,RE1,2038,0.0
RE1,TRAMTC,RE1,2039,0.0
RE1,TRAMTC,RE1,2040,0.0
RE1,TRAMTC,RE1,2041,0.0
RE1,TRAMTC,RE1,2042,0.0
RE1,TRAMTC,RE1,2043,0.0
RE1,TRAMTC,RE1,2044,0.0
RE1,TRAMTC,RE1,2045,0.0
RE1,TRAMTC,RE1,2046,0.0
RE1,TRAMTC,RE1,2047,0.0
RE1,TRAMTC,RE1,2048,0.0
RE1,TRAMTC,RE1,2049,0.0
RE1,TRAMTC,RE1,2050,0.0
RE1,TRAMTC,RE1,2051,0.0
RE1,TRAMTC,RE1,2052,0.0
RE1,TRAMTC,RE1,2053,0.0
RE1,TRAMTC,RE1,2054,0.0
RE1,TRAMET,RE1,2022,0.0
RE1,TRAMET,RE1,2023,0.0
RE1,TRAMET,RE1,2024,0.0
RE1,TRAMET,RE1,2025,0.0
RE1,TRAMET,RE1,2026,0.0
RE1,TRAMET,RE1,2027,0.0
RE1,TRAMET,RE1,2028,0.0
RE1,TRAMET,RE1,2029,0.0
RE1,TRAMET,RE1,2030,0.0
RE1,TRAMET,RE1,2031,0.0
RE1,TRAMET,RE1,2032,0.0
RE1,TRAMET,RE1,2033,0.0
RE1,TRAMET,RE1,2034,0.0
RE1,TRAMET,RE1,2035,0.0
RE1,TRAMET,RE1,2036,0.0
RE1,TRAMET,RE1,2037,0.0
RE1,TRAMET,RE1,2038,0.0
RE1,TRAMET,RE1,2039,0.0
RE1,TRAMET,RE1,2040,0.0
RE1,TRAMET,RE1,2041,0.0
RE1,TRAMET,RE1,2042,0.0
RE1,TRAMET,RE1,2043,0.0
RE1,TRAMET,RE1,2044,0.0
RE1,TRAMET,RE1,2045,0.0
RE1,TRAMET,RE1,2046,0.0
RE1,TRAMET,RE1,2047,0.0
RE1,TRAMET,RE1,2048,0.0
RE1,TRAMET,RE1,2049,0.0
RE1,TRAMET,RE1,2050,0.0
RE1,TRAMET,RE1,2051,0.0
RE1,TRAMET,RE1,2052,0.0
RE1,TRAMET,RE1,2053,0.0
RE1,TRAMET,RE1,2054,0.0
RE1,TRAMRT,RE1,2022,0.0
RE1,TRAMRT,RE1,2023,0.0
RE1,TRAMRT,RE1,2024,0.0
RE1,TRAMRT,RE1,2025,0.0
RE1,TRAMRT,RE1,2026,0.0
RE1,TRAMRT,RE1,2027,0.0
RE1,TRAMRT,RE1,2028,0.0
RE1,TRAMRT,RE1,2029,0.0
RE1,TRAMRT,RE1,2030,0.0
RE1,TRAMRT,RE1,2031,0.0
RE1,TRAMRT,RE1,2032,0.0
RE1,TRAMRT,RE1,2033,0.0
RE1,TRAMRT,RE1,2034,0.0
RE1,TRAMRT,RE1,2035,0.0
RE1,TRAMRT,RE1,2036,0.0
RE1,TRAMRT,RE1,2037,0.0
RE1,TRAMRT,RE1,2038,0.0
RE1,TRAMRT,RE1,2039,0.0
RE1,TRAMRT,RE1,2040,0.0
RE1,TRAMRT,RE1,2041,0.0
RE1,TRAMRT,RE1,2042,0.0
RE1,TRAMRT,RE1,2043,0.0
RE1,TRAMRT,RE1,2044,0.0
RE1,TRAMRT,RE1,2045,0.0
RE1,TRAMRT,RE1,2046,0.0
RE1,TRAMRT,RE1,2047,0.0
RE1,TRAMRT,RE1,2048,0.0
RE1,TRAMRT,RE1,2049,0.0
RE1,TRAMRT,RE1,2050,0.0
RE1,TRAMRT,RE1,2051,0.0
RE1,TRAMRT,RE1,2052,0.0
RE1,TRAMRT,RE1,2053,0.0
RE1,TRAMRT,RE1,2054,0.0
RE1,TRARVT,RE1,2022,0.0
RE1,TRARVT,RE1,2023,0.0
RE1,TRARVT,RE1,2024,0.0
RE1,TRARVT,RE1,2025,0.0
RE1,TRARVT,RE1,2026,0.0
RE1,TRARVT,RE1,2027,0.0
RE1,TRARVT,RE1,2028,0.0
RE1,TRARVT,RE1,2029,0.0
RE1,TRARVT,RE1,2030,0.0
RE1,TRARVT,RE1,2031,0.0
RE1,TRARVT,RE1,2032,0.0
RE1,TRARVT,RE1,2033,0.0
RE1,TRARVT,RE1,2034,0.0
RE1,TRARVT,RE1,2035,0.0
RE1,TRARVT,RE1,2036,0.0
RE1,TRARVT,RE1,2037,0.0
RE1,TRARVT,RE1,2038,0.0
RE1,TRARVT,RE1,2039,0.0
RE1,TRARVT,RE1,2040,0.0
RE1,TRARVT,RE1,2041,0.0
RE1,TRARVT,RE1,2042,0.0
RE1,TRARVT,RE1,2043,0.0
RE1,TRARVT,RE1,2044,0.0
RE1,TRARVT,RE1,2045,0.0
RE1,TRARVT,RE1,2046,0.0
RE1,TRARVT,RE1,2047,0.0
RE1,TRARVT,RE1,2048,0.0
RE1,TRARVT,RE1,2049,0.0
RE1,TRARVT,RE1,2050,0.0
RE1,TRARVT,RE1,2051,0.0
RE1,TRARVT,RE1,2052,0.0
RE1,TRARVT,RE1,2053,0.0
RE1,TRARVT,RE1,2054,0.0
RE1,CYRDSL,RE1,2022,0.0
RE1,CYRDSL,RE1,2023,0.0
RE1,CYRDSL,RE1,2024,0.0
RE1,CYRDSL,RE1,2025,0.0
RE1,CYRDSL,RE1,2026,0.0
RE1,CYRDSL,RE1,2027,0.0
RE1,CYRDSL,RE1,2028,0.0
RE1,CYRDSL,RE1,2029,0.0
RE1,CYRDSL,RE1,2030,0.0
RE1,CYRDSL,RE1,2031,0.0
RE1,CYRDSL,RE1,2032,0.0
RE1,CYRDSL,RE1,2033,0.0
RE1,CYRDSL,RE1,2034,0.0
RE1,CYRDSL,RE1,2035,0.0
RE1,CYRDSL,RE1,2036,0.0
RE1,CYRDSL,RE1,2037,0.0
RE1,CYRDSL,RE1,2038,0.0
RE1,CYRDSL,RE1,2039,0.0
RE1,CYRDSL,RE1,2040,0.0
RE1,CYRDSL,RE1,2041,0.0
RE1,CYRDSL,RE1,2042,0.0
RE1,CYRDSL,RE1,2043,0.0
RE1,CYRDSL,RE1,2044,0.0
RE1,CYRDSL,RE1,2045,0.0
RE1,CYRDSL,RE1,2046,0.0
RE1,CYRDSL,RE1,2047,0.0
RE1,CYRDSL,RE1,2048,0.0
RE1,CYRDSL,RE1,2049,0.0
RE1,CYRDSL,RE1,2050,0.0
RE1,CYRDSL,RE1,2051,0.0
RE1,CYRDSL,RE1,2052,0.0
RE1,CYRDSL,RE1,2053,0.0
RE1,CYRDSL,RE1,2054,0.0
RE1,CYRGSL,RE1,2022,0.0
RE1,CYRGSL,RE1,2023,0.0
RE1,CYRGSL,RE1,2024,0.0
RE1,CYRGSL,RE1,2025,0.0
RE1,CYRGSL,RE1,2026,0.0
RE1,CYRGSL,RE1,2027,0.0
RE1,CYRGSL,RE1,2028,0.0
RE1,CYRGSL,RE1,2029,0.0
RE1,CYRGSL,RE1,2030,0.0
RE1,CYRGSL,RE1,2031,0.0
RE1,CYRGSL,RE1,2032,0.0
RE1,CYRGSL,RE1,2033,0.0
RE1,CYRGSL,RE1,2034,0.0
RE1,CYRGSL,RE1,2035,0.0
RE1,CYRGSL,RE1,2036,0.0
RE1,CYRGSL,RE1,2037,0.0
RE1,CYRGSL,RE1,2038,0.0
RE1,CYRGSL,RE1,2039,0.0
RE1,CYRGSL,RE1,2040,0.0
RE1,CYRGSL,RE1,2041,0.0
RE1,CYRGSL,RE1,2042,0.0
RE1,CYRGSL,RE1,2043,0.0
RE1,CYRGSL,RE1,2044,0.0
RE1,CYRGSL,RE1,2045,0.0
RE1,CYRGSL,RE1,2046,0.0
RE1,CYRGSL,RE1,2047,0.0
RE1,CYRGSL,RE1,2048,0.0
RE1,CYRGSL,RE1,2049,0.0
RE1,CYRGSL,RE1,2050,0.0
RE1,CYRGSL,RE1,2051,0.0
RE1,CYRGSL,RE1,2052,0.0
RE1,CYRGSL,RE1,2053,0.0
RE1,CYRGSL,RE1,2054,0.0
RE1,CYRLPG,RE1,2022,0.0
RE1,CYRLPG,RE1,2023,0.0
RE1,CYRLPG,RE1,2024,0.0
RE1,CYRLPG,RE1,2025,0.0
RE1,CYRLPG,RE1,2026,0.0
RE1,CYRLPG,RE1,2027,0.0
RE1,CYRLPG,RE1,2028,0.0
RE1,CYRLPG,RE1,2029,0.0
RE1,CYRLPG,RE1,2030,0.0
RE1,CYRLPG,RE1,2031,0.0
RE1,CYRLPG,RE1,2032,0.0
RE1,CYRLPG,RE1,2033,0.0
RE1,CYRLPG,RE1,2034,0.0
RE1,CYRLPG,RE1,2035,0.0
RE1,CYRLPG,RE1,2036,0.0
RE1,CYRLPG,RE1,2037,0.0
RE1,CYRLPG,RE1,2038,0.0
RE1,CYRLPG,RE1,2039,0.0
RE1,CYRLPG,RE1,2040,0.0
RE1,CYRLPG,RE1,2041,0.0
RE1,CYRLPG,RE1,2042,0.0
RE1,CYRLPG,RE1,2043,0.0
RE1,CYRLPG,RE1,2044,0.0
RE1,CYRLPG,RE1,2045,0.0
RE1,CYRLPG,RE1,2046,0.0
RE1,CYRLPG,RE1,2047,0.0
RE1,CYRLPG,RE1,2048,0.0
RE1,CYRLPG,RE1,2049,0.0
RE1,CYRLPG,RE1,2050,0.0
RE1,CYRLPG,RE1,2051,0.0
RE1,CYRLPG,RE1,2052,0.0
RE1,CYRLPG,RE1,2053,0.0
RE1,CYRLPG,RE1,2054,0.0
RE1,CYRELC,RE1,2022,0.0
RE1,CYRELC,RE1,2023,0.0
RE1,CYRELC,RE1,2024,0.0
RE1,CYRELC,RE1,2025,0.0
RE1,CYRELC,RE1,2026,0.0
RE1,CYRELC,RE1,2027,0.0
RE1,CYRELC,RE1,2028,0.0
RE1,CYRELC,RE1,2029,0.0
RE1,CYRELC,RE1,2030,0.0
RE1,CYRELC,RE1,2031,0.0
RE1,CYRELC,RE1,2032,0.0
RE1,CYRELC,RE1,2033,0.0
RE1,CYRELC,RE1,2034,0.0
RE1,CYRELC,RE1,2035,0.0
RE1,CYRELC,RE1,2036,0.0
RE1,CYRELC,RE1,2037,0.0
RE1,CYRELC,RE1,2038,0.0
RE1,CYRELC,RE1,2039,0.0
RE1,CYRELC,RE1,2040,0.0
RE1,CYRELC,RE1,2041,0.0
RE1,CYRELC,RE1,2042,0.0
RE1,CYRELC,RE1,2043,0.0
RE1,CYRELC,RE1,2044,0.0
RE1,CYRELC,RE1,2045,0.0
RE1,CYRELC,RE1,2046,0.0
RE1,CYRELC,RE1,2047,0.0
RE1,CYRELC,RE1,2048,0.0
RE1,CYRELC,RE1,2049,0.0
RE1,CYRELC,RE1,2050,0.0
RE1,CYRELC,RE1,2051,0.0
RE1,CYRELC,RE1,2052,0.0
RE1,CYRELC,RE1,2053,0.0
RE1,CYRELC,RE1,2054,0.0
RE1,BAG,RE1,2022,0.0
RE1,BAG,RE1,2023,0.0
RE1,BAG,RE1,2024,0.0
RE1,BAG,RE1,2025,0.0
RE1,BAG,RE1,2026,0.0
RE1,BAG,RE1,2027,0.0
RE1,BAG,RE1,2028,0.0
RE1,BAG,RE1,2029,0.0
RE1,BAG,RE1,2030,0.0
RE1,BAG,RE1,2031,0.0
RE1,BAG,RE1,2032,0.0
RE1,BAG,RE1,2033,0.0
RE1,BAG,RE1,2034,0.0
RE1,BAG,RE1,2035,0.0
RE1,BAG,RE1,2036,0.0
RE1,BAG,RE1,2037,0.0
RE1,BAG,RE1,2038,0.0
RE1,BAG,RE1,2039,0.0
RE1,BAG,RE1,2040,0.0
RE1,BAG,RE1,2041,0.0
RE1,BAG,RE1,2042,0.0
RE1,BAG,RE1,2043,0.0
RE1,BAG,RE1,2044,0.0
RE1,BAG,RE1,2045,0.0
RE1,BAG,RE1,2046,0.0
RE1,BAG,RE1,2047,0.0
RE1,BAG,RE1,2048,0.0
RE1,BAG,RE1,2049,0.0
RE1,BAG,RE1,2050,0.0
RE1,BAG,RE1,2051,0.0
RE1,BAG,RE1,2052,0.0
RE1,BAG,RE1,2053,0.0
RE1,BAG,RE1,2054,0.0
RE1,WOO,RE1,2022,0.0
RE1,WOO,RE1,2023,0.0
RE1,WOO,RE1,2024,0.0
RE1,WOO,RE1,2025,0.0
RE1,WOO,RE1,2026,0.0
RE1,WOO,RE1,2027,0.0
RE1,WOO,RE1,2028,0.0
RE1,WOO,RE1,2029,0.0
RE1,WOO,RE1,2030,0.0
RE1,WOO,RE1,2031,0.0
RE1,WOO,RE1,2032,0.0
RE1,WOO,RE1,2033,0.0
RE1,WOO,RE1,2034,0.0
RE1,WOO,RE1,2035,0.0
RE1,WOO,RE1,2036,0.0
RE1,WOO,RE1,2037,0.0
RE1,WOO,RE1,2038,0.0
RE1,WOO,RE1,2039,0.0
RE1,WOO,RE1,2040,0.0
RE1,WOO,RE1,2041,0.0
RE1,WOO,RE1,2042,0.0
RE1,WOO,RE1,2043,0.0
RE1,WOO,RE1,2044,0.0
RE1,WOO,RE1,2045,0.0
RE1,WOO,RE1,2046,0.0
RE1,WOO,RE1,2047,0.0
RE1,WOO,RE1,2048,0.0
RE1,WOO,RE1,2049,0.0
RE1,WOO,RE1,2050,0.0
RE1,WOO,RE1,2051,0.0
RE1,WOO,RE1,2052,0.0
RE1,WOO,RE1,2053,0.0
RE1,WOO,RE1,2054,0.0
RE1,WAS,RE1,2022,0.0
RE1,WAS,RE1,2023,0.0
RE1,WAS,RE1,2024,0.0
RE1,WAS,RE1,2025,0.0
RE1,WAS,RE1,2026,0.0
RE1,WAS,RE1,2027,0.0
RE1,WAS,RE1,2028,0.0
RE1,WAS,RE1,2029,0.0
RE1,WAS,RE1,2030,0.0
RE1,WAS,RE1,2031,0.0
RE1,WAS,RE1,2032,0.0
RE1,WAS,RE1,2033,0.0
RE1,WAS,RE1,2034,0.0
RE1,WAS,RE1,2035,0.0
RE1,WAS,RE1,2036,0.0
RE1,WAS,RE1,2037,0.0
RE1,WAS,RE1,2038,0.0
RE1,WAS,RE1,2039,0.0
RE1,WAS,RE1,2040,0.0
RE1,WAS,RE1,2041,0.0
RE1,WAS,RE1,2042,0.0
RE1,WAS,RE1,2043,0.0
RE1,WAS,RE1,2044,0.0
RE1,WAS,RE1,2045,0.0
RE1,WAS,RE1,2046,0.0
RE1,WAS,RE1,2047,0.0
RE1,WAS,RE1,2048,0.0
RE1,WAS,RE1,2049,0.0
RE1,WAS,RE1,2050,0.0
RE1,WAS,RE1,2051,0.0
RE1,WAS,RE1,2052,0.0
RE1,WAS,RE1,2053,0.0
RE1,WAS,RE1,2054,0.0
RE1,DAM,RE1,2022,0.0
RE1,DAM,RE1,2023,0.0
RE1,DAM,RE1,2024,0.0
RE1,DAM,RE1,2025,0.0
RE1,DAM,RE1,2026,0.0
RE1,DAM,RE1,2027,0.0
RE1,DAM,RE1,2028,0.0
RE1,DAM,RE1,2029,0.0
RE1,DAM,RE1,2030,0.0
RE1,DAM,RE1,2031,0.0
RE1,DAM,RE1,2032,0.0
RE1,DAM,RE1,2033,0.0
RE1,DAM,RE1,2034,0.0
RE1,DAM,RE1,2035,0.0
RE1,DAM,RE1,2036,0.0
RE1,DAM,RE1,2037,0.0
RE1,DAM,RE1,2038,0.0
RE1,DAM,RE1,2039,0.0
RE1,DAM,RE1,2040,0.0
RE1,DAM,RE1,2041,0.0
RE1,DAM,RE1,2042,0.0
RE1,DAM,RE1,2043,0.0
RE1,DAM,RE1,2044,0.0
RE1,DAM,RE1,2045,0.0
RE1,DAM,RE1,2046,0.0
RE1,DAM,RE1,2047,0.0
RE1,DAM,RE1,2048,0.0
RE1,DAM,RE1,2049,0.0
RE1,DAM,RE1,2050,0.0
RE1,DAM,RE1,2051,0.0
RE1,DAM,RE1,2052,0.0
RE1,DAM,RE1,2053,0.0
RE1,DAM,RE1,2054,0.0
RE1,ROR,RE1,2022,0.0
RE1,ROR,RE1,2023,0.0
RE1,ROR,RE1,2024,0.0
RE1,ROR,RE1,2025,0.0
RE1,ROR,RE1,2026,0.0
RE1,ROR,RE1,2027,0.0
RE1,ROR,RE1,2028,0.0
RE1,ROR,RE1,2029,0.0
RE1,ROR,RE1,2030,0.0
RE1,ROR,RE1,2031,0.0
RE1,ROR,RE1,2032,0.0
RE1,ROR,RE1,2033,0.0
RE1,ROR,RE1,2034,0.0
RE1,ROR,RE1,2035,0.0
RE1,ROR,RE1,2036,0.0
RE1,ROR,RE1,2037,0.0
RE1,ROR,RE1,2038,0.0
RE1,ROR,RE1,2039,0.0
RE1,ROR,RE1,2040,0.0
RE1,ROR,RE1,2041,0.0
RE1,ROR,RE1,2042,0.0
RE1,ROR,RE1,2043,0.0
RE1,ROR,RE1,2044,0.0
RE1,ROR,RE1,2045,0.0
RE1,ROR,RE1,2046,0.0
RE1,ROR,RE1,2047,0.0
RE1,ROR,RE1,2048,0.0
RE1,ROR,RE1,2049,0.0
RE1,ROR,RE1,2050,0.0
RE1,ROR,RE1,2051,0.0
RE1,ROR,RE1,2052,0.0
RE1,ROR,RE1,2053,0.0
RE1,ROR,RE1,2054,0.0
RE1,CSP,RE1,2022,0.0
RE1,CSP,RE1,2023,0.0
RE1,CSP,RE1,2024,0.0
RE1,CSP,RE1,2025,0.0
RE1,CSP,RE1,2026,0.0
RE1,CSP,RE1,2027,0.0
RE1,CSP,RE1,2028,0.0
RE1,CSP,RE1,2029,0.0
RE1,CSP,RE1,2030,0.0
RE1,CSP,RE1,2031,0.0
RE1,CSP,RE1,2032,0.0
RE1,CSP,RE1,2033,0.0
RE1,CSP,RE1,2034,0.0
RE1,CSP,RE1,2035,0.0
RE1,CSP,RE1,2036,0.0
RE1,CSP,RE1,2037,0.0
RE1,CSP,RE1,2038,0.0
RE1,CSP,RE1,2039,0.0
RE1,CSP,RE1,2040,0.0
RE1,CSP,RE1,2041,0.0
RE1,CSP,RE1,2042,0.0
RE1,CSP,RE1,2043,0.0
RE1,CSP,RE1,2044,0.0
RE1,CSP,RE1,2045,0.0
RE1,CSP,RE1,2046,0.0
RE1,CSP,RE1,2047,0.0
RE1,CSP,RE1,2048,0.0
RE1,CSP,RE1,2049,0.0
RE1,CSP,RE1,2050,0.0
RE1,CSP,RE1,2051,0.0
RE1,CSP,RE1,2052,0.0
RE1,CSP,RE1,2053,0.0
RE1,CSP,RE1,2054,0.0
RE1,ONW,RE1,2022,0.0
RE1,ONW,RE1,2023,0.0
RE1,ONW,RE1,2024,0.0
RE1,ONW,RE1,2025,0.0
RE1,ONW,RE1,2026,0.0
RE1,ONW,RE1,2027,0.0
RE1,ONW,RE1,2028,0.0
RE1,ONW,RE1,2029,0.0
RE1,ONW,RE1,2030,0.0
RE1,ONW,RE1,2031,0.0
RE1,ONW,RE1,2032,0.0
RE1,ONW,RE1,2033,0.0
RE1,ONW,RE1,2034,0.0
RE1,ONW,RE1,2035,0.0
RE1,ONW,RE1,2036,0.0
RE1,ONW,RE1,2037,0.0
RE1,ONW,RE1,2038,0.0
RE1,ONW,RE1,2039,0.0
RE1,ONW,RE1,2040,0.0
RE1,ONW,RE1,2041,0.0
RE1,ONW,RE1,2042,0.0
RE1,ONW,RE1,2043,0.0
RE1,ONW,RE1,2044,0.0
RE1,ONW,RE1,2045,0.0
RE1,ONW,RE1,2046,0.0
RE1,ONW,RE1,2047,0.0
RE1,ONW,RE1,2048,0.0
RE1,ONW,RE1,2049,0.0
RE1,ONW,RE1,2050,0.0
RE1,ONW,RE1,2051,0.0
RE1,ONW,RE1,2052,0.0
RE1,ONW,RE1,2053,0.0
RE1,ONW,RE1,2054,0.0
RE1,OFW,RE1,2022,0.0
RE1,OFW,RE1,2023,0.0
RE1,OFW,RE1,2024,0.0
RE1,OFW,RE1,2025,0.0
RE1,OFW,RE1,2026,0.0
RE1,OFW,RE1,2027,0.0
RE1,OFW,RE1,2028,0.0
RE1,OFW,RE1,2029,0.0
RE1,OFW,RE1,2030,0.0
RE1,OFW,RE1,2031,0.0
RE1,OFW,RE1,2032,0.0
RE1,OFW,RE1,2033,0.0
RE1,OFW,RE1,2034,0.0
RE1,OFW,RE1,2035,0.0
RE1,OFW,RE1,2036,0.0
RE1,OFW,RE1,2037,0.0
RE1,OFW,RE1,2038,0.0
RE1,OFW,RE1,2039,0.0
RE1,OFW,RE1,2040,0.0
RE1,OFW,RE1,2041,0.0
RE1,OFW,RE1,2042,0.0
RE1,OFW,RE1,2043,0.0
RE1,OFW,RE1,2044,0.0
RE1,OFW,RE1,2045,0.0
RE1,OFW,RE1,2046,0.0
RE1,OFW,RE1,2047,0.0
RE1,OFW,RE1,2048,0.0
RE1,OFW,RE1,2049,0.0
RE1,OFW,RE1,2050,0.0
RE1,OFW,RE1,2051,0.0
RE1,OFW,RE1,2052,0.0
RE1,OFW,RE1,2053,0.0
RE1,OFW,RE1,2054,0.0
RE1,BET,RE1,2022,0.0
RE1,BET,RE1,2023,0.0
RE1,BET,RE1,2024,0.0
RE1,BET,RE1,2025,0.0
RE1,BET,RE1,2026,0.0
RE1,BET,RE1,2027,0.0
RE1,BET,RE1,2028,0.0
RE1,BET,RE1,2029,0.0
RE1,BET,RE1,2030,0.0
RE1,BET,RE1,2031,0.0
RE1,BET,RE1,2032,0.0
RE1,BET,RE1,2033,0.0
RE1,BET,RE1,2034,0.0
RE1,BET,RE1,2035,0.0
RE1,BET,RE1,2036,0.0
RE1,BET,RE1,2037,0.0
RE1,BET,RE1,2038,0.0
RE1,BET,RE1,2039,0.0
RE1,BET,RE1,2040,0.0
RE1,BET,RE1,2041,0.0
RE1,BET,RE1,2042,0.0
RE1,BET,RE1,2043,0.0
RE1,BET,RE1,2044,0.0
RE1,BET,RE1,2045,0.0
RE1,BET,RE1,2046,0.0
RE1,BET,RE1,2047,0.0
RE1,BET,RE1,2048,0.0
RE1,BET,RE1,2049,0.0
RE1,BET,RE1,2050,0.0
RE1,BET,RE1,2051,0.0
RE1,BET,RE1,2052,0.0
RE1,BET,RE1,2053,0.0
RE1,BET,RE1,2054,0.0
RE1,SGC,RE1,2022,0.0
RE1,SGC,RE1,2023,0.0
RE1,SGC,RE1,2024,0.0
RE1,SGC,RE1,2025,0.0
RE1,SGC,RE1,2026,0.0
RE1,SGC,RE1,2027,0.0
RE1,SGC,RE1,2028,0.0
RE1,SGC,RE1,2029,0.0
RE1,SGC,RE1,2030,0.0
RE1,SGC,RE1,2031,0.0
RE1,SGC,RE1,2032,0.0
RE1,SGC,RE1,2033,0.0
RE1,SGC,RE1,2034,0.0
RE1,SGC,RE1,2035,0.0
RE1,SGC,RE1,2036,0.0
RE1,SGC,RE1,2037,0.0
RE1,SGC,RE1,2038,0.0
RE1,SGC,RE1,2039,0.0
RE1,SGC,RE1,2040,0.0
RE1,SGC,RE1,2041,0.0
RE1,SGC,RE1,2042,0.0
RE1,SGC,RE1,2043,0.0
RE1,SGC,RE1,2044,0.0
RE1,SGC,RE1,2045,0.0
RE1,SGC,RE1,2046,0.0
RE1,SGC,RE1,2047,0.0
RE1,SGC,RE1,2048,0.0
RE1,SGC,RE1,2049,0.0
RE1,SGC,RE1,2050,0.0
RE1,SGC,RE1,2051,0.0
RE1,SGC,RE1,2052,0.0
RE1,SGC,RE1,2053,0.0
RE1,SGC,RE1,2054,0.0
RE1,BDL,RE1,2022,0.0
RE1,BDL,RE1,2023,0.0
RE1,BDL,RE1,2024,0.0
RE1,BDL,RE1,2025,0.0
RE1,BDL,RE1,2026,0.0
RE1,BDL,RE1,2027,0.0
RE1,BDL,RE1,2028,0.0
RE1,BDL,RE1,2029,0.0
RE1,BDL,RE1,2030,0.0
RE1,BDL,RE1,2031,0.0
RE1,BDL,RE1,2032,0.0
RE1,BDL,RE1,2033,0.0
RE1,BDL,RE1,2034,0.0
RE1,BDL,RE1,2035,0.0
RE1,BDL,RE1,2036,0.0
RE1,BDL,RE1,2037,0.0
RE1,BDL,RE1,2038,0.0
RE1,BDL,RE1,2039,0.0
RE1,BDL,RE1,2040,0.0
RE1,BDL,RE1,2041,0.0
RE1,BDL,RE1,2042,0.0
RE1,BDL,RE1,2043,0.0
RE1,BDL,RE1,2044,0.0
RE1,BDL,RE1,2045,0.0
RE1,BDL,RE1,2046,0.0
RE1,BDL,RE1,2047,0.0
RE1,BDL,RE1,2048,0.0
RE1,BDL,RE1,2049,0.0
RE1,BDL,RE1,2050,0.0
RE1,BDL,RE1,2051,0.0
RE1,BDL,RE1,2052,0.0
RE1,BDL,RE1,2053,0.0
RE1,BDL,RE1,2054,0.0
RE1,HDG,RE1,2022,0.0
RE1,HDG,RE1,2023,0.0
RE1,HDG,RE1,2024,0.0
RE1,HDG,RE1,2025,0.0
RE1,HDG,RE1,2026,0.0
RE1,HDG,RE1,2027,0.0
RE1,HDG,RE1,2028,0.0
RE1,HDG,RE1,2029,0.0
RE1,HDG,RE1,2030,0.0
RE1,HDG,RE1,2031,0.0
RE1,HDG,RE1,2032,0.0
RE1,HDG,RE1,2033,0.0
RE1,HDG,RE1,2034,0.0
RE1,HDG,RE1,2035,0.0
RE1,HDG,RE1,2036,0.0
RE1,HDG,RE1,2037,0.0
RE1,HDG,RE1,2038,0.0
RE1,HDG,RE1,2039,0.0
RE1,HDG,RE1,2040,0.0
RE1,HDG,RE1,2041,0.0
RE1,HDG,RE1,2042,0.0
RE1,HDG,RE1,2043,0.0
RE1,HDG,RE1,2044,0.0
RE1,HDG,RE1,2045,0.0
RE1,HDG,RE1,2046,0.0
RE1,HDG,RE1,2047,0.0
RE1,HDG,RE1,2048,0.0
RE1,HDG,RE1,2049,0.0
RE1,HDG,RE1,2050,0.0
RE1,HDG,RE1,2051,0.0
RE1,HDG,RE1,2052,0.0
RE1,HDG,RE1,2053,0.0
RE1,HDG,RE1,2054,0.0
RE1,BGS,RE1,2022,0.0
RE1,BGS,RE1,2023,0.0
RE1,BGS,RE1,2024,0.0
RE1,BGS,RE1,2025,0.0
RE1,BGS,RE1,2026,0.0
RE1,BGS,RE1,2027,0.0
RE1,BGS,RE1,2028,0.0
RE1,BGS,RE1,2029,0.0
RE1,BGS,RE1,2030,0.0
RE1,BGS,RE1,2031,0.0
RE1,BGS,RE1,2032,0.0
RE1,BGS,RE1,2033,0.0
RE1,BGS,RE1,2034,0.0
RE1,BGS,RE1,2035,0.0
RE1,BGS,RE1,2036,0.0
RE1,BGS,RE1,2037,0.0
RE1,BGS,RE1,2038,0.0
RE1,BGS,RE1,2039,0.0
RE1,BGS,RE1,2040,0.0
RE1,BGS,RE1,2041,0.0
RE1,BGS,RE1,2042,0.0
RE1,BGS,RE1,2043,0.0
RE1,BGS,RE1,2044,0.0
RE1,BGS,RE1,2045,0.0
RE1,BGS,RE1,2046,0.0
RE1,BGS,RE1,2047,0.0
RE1,BGS,RE1,2048,0.0
RE1,BGS,RE1,2049,0.0
RE1,BGS,RE1,2050,0.0
RE1,BGS,RE1,2051,0.0
RE1,BGS,RE1,2052,0.0
RE1,BGS,RE1,2053,0.0
RE1,BGS,RE1,2054,0.0
RE1,HDG002,RE1,2022,0.0
RE1,HDG002,RE1,2023,0.0
RE1,HDG002,RE1,2024,0.0
RE1,HDG002,RE1,2025,0.0
RE1,HDG002,RE1,2026,0.0
RE1,HDG002,RE1,2027,0.0
RE1,HDG002,RE1,2028,0.0
RE1,HDG002,RE1,2029,0.0
RE1,HDG002,RE1,2030,0.0
RE1,HDG002,RE1,2031,0.0
RE1,HDG002,RE1,2032,0.0
RE1,HDG002,RE1,2033,0.0
RE1,HDG002,RE1,2034,0.0
RE1,HDG002,RE1,2035,0.0
RE1,HDG002,RE1,2036,0.0
RE1,HDG002,RE1,2037,0.0
RE1,HDG002,RE1,2038,0.0
RE1,HDG002,RE1,2039,0.0
RE1,HDG002,RE1,2040,0.0
RE1,HDG002,RE1,2041,0.0
RE1,HDG002,RE1,2042,0.0
RE1,HDG002,RE1,2043,0.0
RE1,HDG002,RE1,2044,0.0
RE1,HDG002,RE1,2045,0.0
RE1,HDG002,RE1,2046,0.0
RE1,HDG002,RE1,2047,0.0
RE1,HDG002,RE1,2048,0.0
RE1,HDG002,RE1,2049,0.0
RE1,HDG002,RE1,2050,0.0
RE1,HDG002,RE1,2051,0.0
RE1,HDG002,RE1,2052,0.0
RE1,HDG002,RE1,2053,0.0
RE1,HDG002,RE1,2054,0.0
RE1,NGS002,RE1,2022,0.0
RE1,NGS002,RE1,2023,0.0
RE1,NGS002,RE1,2024,0.0
RE1,NGS002,RE1,2025,0.0
RE1,NGS002,RE1,2026,0.0
RE1,NGS002,RE1,2027,0.0
RE1,NGS002,RE1,2028,0.0
RE1,NGS002,RE1,2029,0.0
RE1,NGS002,RE1,2030,0.0
RE1,NGS002,RE1,2031,0.0
RE1,NGS002,RE1,2032,0.0
RE1,NGS002,RE1,2033,0.0
RE1,NGS002,RE1,2034,0.0
RE1,NGS002,RE1,2035,0.0
RE1,NGS002,RE1,2036,0.0
RE1,NGS002,RE1,2037,0.0
RE1,NGS002,RE1,2038,0.0
RE1,NGS002,RE1,2039,0.0
RE1,NGS002,RE1,2040,0.0
RE1,NGS002,RE1,2041,0.0
RE1,NGS002,RE1,2042,0.0
RE1,NGS002,RE1,2043,0.0
RE1,NGS002,RE1,2044,0.0
RE1,NGS002,RE1,2045,0.0
RE1,NGS002,RE1,2046,0.0
RE1,NGS002,RE1,2047,0.0
RE1,NGS002,RE1,2048,0.0
RE1,NGS002,RE1,2049,0.0
RE1,NGS002,RE1,2050,0.0
RE1,NGS002,RE1,2051,0.0
RE1,NGS002,RE1,2052,0.0
RE1,NGS002,RE1,2053,0.0
RE1,NGS002,RE1,2054,0.0
RE1,COA002,RE1,2022,0.0
RE1,COA002,RE1,2023,0.0
RE1,COA002,RE1,2024,0.0
RE1,COA002,RE1,2025,0.0
RE1,COA002,RE1,2026,0.0
RE1,COA002,RE1,2027,0.0
RE1,COA002,RE1,2028,0.0
RE1,COA002,RE1,2029,0.0
RE1,COA002,RE1,2030,0.0
RE1,COA002,RE1,2031,0.0
RE1,COA002,RE1,2032,0.0
RE1,COA002,RE1,2033,0.0
RE1,COA002,RE1,2034,0.0
RE1,COA002,RE1,2035,0.0
RE1,COA002,RE1,2036,0.0
RE1,COA002,RE1,2037,0.0
RE1,COA002,RE1,2038,0.0
RE1,COA002,RE1,2039,0.0
RE1,COA002,RE1,2040,0.0
RE1,COA002,RE1,2041,0.0
RE1,COA002,RE1,2042,0.0
RE1,COA002,RE1,2043,0.0
RE1,COA002,RE1,2044,0.0
RE1,COA002,RE1,2045,0.0
RE1,COA002,RE1,2046,0.0
RE1,COA002,RE1,2047,0.0
RE1,COA002,RE1,2048,0.0
RE1,COA002,RE1,2049,0.0
RE1,COA002,RE1,2050,0.0
RE1,COA002,RE1,2051,0.0
RE1,COA002,RE1,2052,0.0
RE1,COA002,RE1,2053,0.0
RE1,COA002,RE1,2054,0.0
RE1,LPG002,RE1,2022,0.0
RE1,LPG002,RE1,2023,0.0
RE1,LPG002,RE1,2024,0.0
RE1,LPG002,RE1,2025,0.0
RE1,LPG002,RE1,2026,0.0
RE1,LPG002,RE1,2027,0.0
RE1,LPG002,RE1,2028,0.0
RE1,LPG002,RE1,2029,0.0
RE1,LPG002,RE1,2030,0.0
RE1,LPG002,RE1,2031,0.0
RE1,LPG002,RE1,2032,0.0
RE1,LPG002,RE1,2033,0.0
RE1,LPG002,RE1,2034,0.0
RE1,LPG002,RE1,2035,0.0
RE1,LPG002,RE1,2036,0.0
RE1,LPG002,RE1,2037,0.0
RE1,LPG002,RE1,2038,0.0
RE1,LPG002,RE1,2039,0.0
RE1,LPG002,RE1,2040,0.0
RE1,LPG002,RE1,2041,0.0
RE1,LPG002,RE1,2042,0.0
RE1,LPG002,RE1,2043,0.0
RE1,LPG002,RE1,2044,0.0
RE1,LPG002,RE1,2045,0.0
RE1,LPG002,RE1,2046,0.0
RE1,LPG002,RE1,2047,0.0
RE1,LPG002,RE1,2048,0.0
RE1,LPG002,RE1,2049,0.0
RE1,LPG002,RE1,2050,0.0
RE1,LPG002,RE1,2051,0.0
RE1,LPG002,RE1,2052,0.0
RE1,LPG002,RE1,2053,0.0
RE1,LPG002,RE1,2054,0.0
RE1,TRATAX,RE1,2022,0.0
RE1,TRATAX,RE1,2023,0.0
RE1,TRATAX,RE1,2024,0.0
RE1,TRATAX,RE1,2025,0.0
RE1,TRATAX,RE1,2026,0.0
RE1,TRATAX,RE1,2027,0.0
RE1,TRATAX,RE1,2028,0.0
RE1,TRATAX,RE1,2029,0.0
RE1,TRATAX,RE1,2030,0.0
RE1,TRATAX,RE1,2031,0.0
RE1,TRATAX,RE1,2032,0.0
RE1,TRATAX,RE1,2033,0.0
RE1,TRATAX,RE1,2034,0.0
RE1,TRATAX,RE1,2035,0.0
RE1,TRATAX,RE1,2036,0.0
RE1,TRATAX,RE1,2037,0.0
RE1,TRATAX,RE1,2038,0.0
RE1,TRATAX,RE1,2039,0.0
RE1,TRATAX,RE1,2040,0.0
RE1,TRATAX,RE1,2041,0.0
RE1,TRATAX,RE1,2042,0.0
RE1,TRATAX,RE1,2043,0.0
RE1,TRATAX,RE1,2044,0.0
RE1,TRATAX,RE1,2045,0.0
RE1,TRATAX,RE1,2046,0.0
RE1,TRATAX,RE1,2047,0.0
RE1,TRATAX,RE1,2048,0.0
RE1,TRATAX,RE1,2049,0.0
RE1,TRATAX,RE1,2050,0.0
RE1,TRATAX,RE1,2051,0.0
RE1,TRATAX,RE1,2052,0.0
RE1,TRATAX,RE1,2053,0.0
RE1,TRATAX,RE1,2054,0.0
RE1,ELC003,RE1,2022,0.0
RE1,ELC003,RE1,2023,0.0
RE1,ELC003,RE1,2024,0.0
RE1,ELC003,RE1,2025,0.0
RE1,ELC003,RE1,2026,0.0
RE1,ELC003,RE1,2027,0.0
RE1,ELC003,RE1,2028,0.0
RE1,ELC003,RE1,2029,0.0
RE1,ELC003,RE1,2030,0.0
RE1,ELC003,RE1,2031,0.0
RE1,ELC003,RE1,2032,0.0
RE1,ELC003,RE1,2033,0.0
RE1,ELC003,RE1,2034,0.0
RE1,ELC003,RE1,2035,0.0
RE1,ELC003,RE1,2036,0.0
RE1,ELC003,RE1,2037,0.0
RE1,ELC003,RE1,2038,0.0
RE1,ELC003,RE1,2039,0.0
RE1,ELC003,RE1,2040,0.0
RE1,ELC003,RE1,2041,0.0
RE1,ELC003,RE1,2042,0.0
RE1,ELC003,RE1,2043,0.0
RE1,ELC003,RE1,2044,0.0
RE1,ELC003,RE1,2045,0.0
RE1,ELC003,RE1,2046,0.0
RE1,ELC003,RE1,2047,0.0
RE1,ELC003,RE1,2048,0.0
RE1,ELC003,RE1,2049,0.0
RE1,ELC003,RE1,2050,0.0
RE1,ELC003,RE1,2051,0.0
RE1,ELC003,RE1,2052,0.0
RE1,ELC003,RE1,2053,0.0
RE1,ELC003,RE1,2054,0.0
RE1,TRAMAS,RE1,2022,0.0
RE1,TRAMAS,RE1,2023,0.0
RE1,TRAMAS,RE1,2024,0.0
RE1,TRAMAS,RE1,2025,0.0
RE1,TRAMAS,RE1,2026,0.0
RE1,TRAMAS,RE1,2027,0.0
RE1,TRAMAS,RE1,2028,0.0
RE1,TRAMAS,RE1,2029,0.0
RE1,TRAMAS,RE1,2030,0.0
RE1,TRAMAS,RE1,2031,0.0
RE1,TRAMAS,RE1,2032,0.0
RE1,TRAMAS,RE1,2033,0.0
RE1,TRAMAS,RE1,2034,0.0
RE1,TRAMAS,RE1,2035,0.0
RE1,TRAMAS,RE1,2036,0.0
RE1,TRAMAS,RE1,2037,0.0
RE1,TRAMAS,RE1,2038,0.0
RE1,TRAMAS,RE1,2039,0.0
RE1,TRAMAS,RE1,2040,0.0
RE1,TRAMAS,RE1,2041,0.0
RE1,TRAMAS,RE1,2042,0.0
RE1,TRAMAS,RE1,2043,0.0
RE1,TRAMAS,RE1,2044,0.0
RE1,TRAMAS,RE1,2045,0.0
RE1,TRAMAS,RE1,2046,0.0
RE1,TRAMAS,RE1,2047,0.0
RE1,TRAMAS,RE1,2048,0.0
RE1,TRAMAS,RE1,2049,0.0
RE1,TRAMAS,RE1,2050,0.0
RE1,TRAMAS,RE1,2051,0.0
RE1,TRAMAS,RE1,2052,0.0
RE1,TRAMAS,RE1,2053,0.0
RE1,TRAMAS,RE1,2054,0.0
RE1,DSL002,RE1,2022,0.0
RE1,DSL002,RE1,2023,0.0
RE1,DSL002,RE1,2024,0.0
RE1,DSL002,RE1,2025,0.0
RE1,DSL002,RE1,2026,0.0
RE1,DSL002,RE1,2027,0.0
RE1,DSL002,RE1,2028,0.0
RE1,DSL002,RE1,2029,0.0
RE1,DSL002,RE1,2030,0.0
RE1,DSL002,RE1,2031,0.0
RE1,DSL002,RE1,2032,0.0
RE1,DSL002,RE1,2033,0.0
RE1,DSL002,RE1,2034,0.0
RE1,DSL002,RE1,2035,0.0
RE1,DSL002,RE1,2036,0.0
RE1,DSL002,RE1,2037,0.0
RE1,DSL002,RE1,2038,0.0
RE1,DSL002,RE1,2039,0.0
RE1,DSL002,RE1,2040,0.0
RE1,DSL002,RE1,2041,0.0
RE1,DSL002,RE1,2042,0.0
RE1,DSL002,RE1,2043,0.0
RE1,DSL002,RE1,2044,0.0
RE1,DSL002,RE1,2045,0.0
RE1,DSL002,RE1,2046,0.0
RE1,DSL002,RE1,2047,0.0
RE1,DSL002,RE1,2048,0.0
RE1,DSL002,RE1,2049,0.0
RE1,DSL002,RE1,2050,0.0
RE1,DSL002,RE1,2051,0.0
RE1,DSL002,RE1,2052,0.0
RE1,DSL002,RE1,2053,0.0
RE1,DSL002,RE1,2054,0.0
RE1,GSL002,RE1,2022,0.0
RE1,GSL002,RE1,2023,0.0
RE1,GSL002,RE1,2024,0.0
RE1,GSL002,RE1,2025,0.0
RE1,GSL002,RE1,2026,0.0
RE1,GSL002,RE1,2027,0.0
RE1,GSL002,RE1,2028,0.0
RE1,GSL002,RE1,2029,0.0
RE1,GSL002,RE1,2030,0.0
RE1,GSL002,RE1,2031,0.0
RE1,GSL002,RE1,2032,0.0
RE1,GSL002,RE1,2033,0.0
RE1,GSL002,RE1,2034,0.0
RE1,GSL002,RE1,2035,0.0
RE1,GSL002,RE1,2036,0.0
RE1,GSL002,RE1,2037,0.0
RE1,GSL002,RE1,2038,0.0
RE1,GSL002,RE1,2039,0.0
RE1,GSL002,RE1,2040,0.0
RE1,GSL002,RE1,2041,0.0
RE1,GSL002,RE1,2042,0.0
RE1,GSL002,RE1,2043,0.0
RE1,GSL002,RE1,2044,0.0
RE1,GSL002,RE1,2045,0.0
RE1,GSL002,RE1,2046,0.0
RE1,GSL002,RE1,2047,0.0
RE1,GSL002,RE1,2048,0.0
RE1,GSL002,RE1,2049,0.0
RE1,GSL002,RE1,2050,0.0
RE1,GSL002,RE1,2051,0.0
RE1,GSL002,RE1,2052,0.0
RE1,GSL002,RE1,2053,0.0
RE1,GSL002,RE1,2054,0.0
RE1,CYRNGS,RE1,2022,0.0
RE1,CYRNGS,RE1,2023,0.0
RE1,CYRNGS,RE1,2024,0.0
RE1,CYRNGS,RE1,2025,0.0
RE1,CYRNGS,RE1,2026,0.0
RE1,CYRNGS,RE1,2027,0.0
RE1,CYRNGS,RE1,2028,0.0
RE1,CYRNGS,RE1,2029,0.0
RE1,CYRNGS,RE1,2030,0.0
RE1,CYRNGS,RE1,2031,0.0
RE1,CYRNGS,RE1,2032,0.0
RE1,CYRNGS,RE1,2033,0.0
RE1,CYRNGS,RE1,2034,0.0
RE1,CYRNGS,RE1,2035,0.0
RE1,CYRNGS,RE1,2036,0.0
RE1,CYRNGS,RE1,2037,0.0
RE1,CYRNGS,RE1,2038,0.0
RE1,CYRNGS,RE1,2039,0.0
RE1,CYRNGS,RE1,2040,0.0
RE1,CYRNGS,RE1,2041,0.0
RE1,CYRNGS,RE1,2042,0.0
RE1,CYRNGS,RE1,2043,0.0
RE1,CYRNGS,RE1,2044,0.0
RE1,CYRNGS,RE1,2045,0.0
RE1,CYRNGS,RE1,2046,0.0
RE1,CYRNGS,RE1,2047,0.0
RE1,CYRNGS,RE1,2048,0.0
RE1,CYRNGS,RE1,2049,0.0
RE1,CYRNGS,RE1,2050,0.0
RE1,CYRNGS,RE1,2051,0.0
RE1,CYRNGS,RE1,2052,0.0
RE1,CYRNGS,RE1,2053,0.0
RE1,CYRNGS,RE1,2054,0.0
RE1,RESZNIELC,RE1,2022,0.0
RE1,RESZNIELC,RE1,2023,0.0
RE1,RESZNIELC,RE1,2024,0.0
RE1,RESZNIELC,RE1,2025,0.0
RE1,RESZNIELC,RE1,2026,0.0
RE1,RESZNIELC,RE1,2027,0.0
RE1,RESZNIELC,RE1,2028,0.0
RE1,RESZNIELC,RE1,2029,0.0
RE1,RESZNIELC,RE1,2030,0.0
RE1,RESZNIELC,RE1,2031,0.0
RE1,RESZNIELC,RE1,2032,0.0
RE1,RESZNIELC,RE1,2033,0.0
RE1,RESZNIELC,RE1,2034,0.0
RE1,RESZNIELC,RE1,2035,0.0
RE1,RESZNIELC,RE1,2036,0.0
RE1,RESZNIELC,RE1,2037,0.0
RE1,RESZNIELC,RE1,2038,0.0
RE1,RESZNIELC,RE1,2039,0.0
RE1,RESZNIELC,RE1,2040,0.0
RE1,RESZNIELC,RE1,2041,0.0
RE1,RESZNIELC,RE1,2042,0.0
RE1,RESZNIELC,RE1,2043,0.0
RE1,RESZNIELC,RE1,2044,0.0
RE1,RESZNIELC,RE1,2045,0.0
RE1,RESZNIELC,RE1,2046,0.0
RE1,RESZNIELC,RE1,2047,0.0
RE1,RESZNIELC,RE1,2048,0.0
RE1,RESZNIELC,RE1,2049,0.0
RE1,RESZNIELC,RE1,2050,0.0
RE1,RESZNIELC,RE1,2051,0.0
RE1,RESZNIELC,RE1,2052,0.0
RE1,RESZNIELC,RE1,2053,0.0
RE1,RESZNIELC,RE1,2054,0.0
RE1,ELCZNI,RE1,2022,0.0
RE1,ELCZNI,RE1,2023,0.0
RE1,ELCZNI,RE1,2024,0.0
RE1,ELCZNI,RE1,2025,0.0
RE1,ELCZNI,RE1,2026,0.0
RE1,ELCZNI,RE1,2027,0.0
RE1,ELCZNI,RE1,2028,0.0
RE1,ELCZNI,RE1,2029,0.0
RE1,ELCZNI,RE1,2030,0.0
RE1,ELCZNI,RE1,2031,0.0
RE1,ELCZNI,RE1,2032,0.0
RE1,ELCZNI,RE1,2033,0.0
RE1,ELCZNI,RE1,2034,0.0
RE1,ELCZNI,RE1,2035,0.0
RE1,ELCZNI,RE1,2036,0.0
RE1,ELCZNI,RE1,2037,0.0
RE1,ELCZNI,RE1,2038,0.0
RE1,ELCZNI,RE1,2039,0.0
RE1,ELCZNI,RE1,2040,0.0
RE1,ELCZNI,RE1,2041,0.0
RE1,ELCZNI,RE1,2042,0.0
RE1,ELCZNI,RE1,2043,0.0
RE1,ELCZNI,RE1,2044,0.0
RE1,ELCZNI,RE1,2045,0.0
RE1,ELCZNI,RE1,2046,0.0
RE1,ELCZNI,RE1,2047,0.0
RE1,ELCZNI,RE1,2048,0.0
RE1,ELCZNI,RE1,2049,0.0
RE1,ELCZNI,RE1,2050,0.0
RE1,ELCZNI,RE1,2051,0.0
RE1,ELCZNI,RE1,2052,0.0
RE1,ELCZNI,RE1,2053,0.0
RE1,ELCZNI,RE1,2054,0.0
RE1,RESREF_URB,RE1,2022,0.0
RE1,RESREF_URB,RE1,2023,0.0
RE1,RESREF_URB,RE1,2024,0.0
RE1,RESREF_URB,RE1,2025,0.0
RE1,RESREF_URB,RE1,2026,0.0
RE1,RESREF_URB,RE1,2027,0.0
RE1,RESREF_URB,RE1,2028,0.0
RE1,RESREF_URB,RE1,2029,0.0
RE1,RESREF_URB,RE1,2030,0.0
RE1,RESREF_URB,RE1,2031,0.0
RE1,RESREF_URB,RE1,2032,0.0
RE1,RESREF_URB,RE1,2033,0.0
RE1,RESREF_URB,RE1,2034,0.0
RE1,RESREF_URB,RE1,2035,0.0
RE1,RESREF_URB,RE1,2036,0.0
RE1,RESREF_URB,RE1,2037,0.0
RE1,RESREF_URB,RE1,2038,0.0
RE1,RESREF_URB,RE1,2039,0.0
RE1,RESREF_URB,RE1,2040,0.0
RE1,RESREF_URB,RE1,2041,0.0
RE1,RESREF_URB,RE1,2042,0.0
RE1,RESREF_URB,RE1,2043,0.0
RE1,RESREF_URB,RE1,2044,0.0
RE1,RESREF_URB,RE1,2045,0.0
RE1,RESREF_URB,RE1,2046,0.0
RE1,RESREF_URB,RE1,2047,0.0
RE1,RESREF_URB,RE1,2048,0.0
RE1,RESREF_URB,RE1,2049,0.0
RE1,RESREF_URB,RE1,2050,0.0
RE1,RESREF_URB,RE1,2051,0.0
RE1,RESREF_URB,RE1,2052,0.0
RE1,RESREF_URB,RE1,2053,0.0
RE1,RESREF_URB,RE1,2054,0.0
RE1,RESCLIM_URB,RE1,2022,0.0
RE1,RESCLIM_URB,RE1,2023,0.0
RE1,RESCLIM_URB,RE1,2024,0.0
RE1,RESCLIM_URB,RE1,2025,0.0
RE1,RESCLIM_URB,RE1,2026,0.0
RE1,RESCLIM_URB,RE1,2027,0.0
RE1,RESCLIM_URB,RE1,2028,0.0
RE1,RESCLIM_URB,RE1,2029,0.0
RE1,RESCLIM_URB,RE1,2030,0.0
RE1,RESCLIM_URB,RE1,2031,0.0
RE1,RESCLIM_URB,RE1,2032,0.0
RE1,RESCLIM_URB,RE1,2033,0.0
RE1,RESCLIM_URB,RE1,2034,0.0
RE1,RESCLIM_URB,RE1,2035,0.0
RE1,RESCLIM_URB,RE1,2036,0.0
RE1,RESCLIM_URB,RE1,2037,0.0
RE1,RESCLIM_URB,RE1,2038,0.0
RE1,RESCLIM_URB,RE1,2039,0.0
RE1,RESCLIM_URB,RE1,2040,0.0
RE1,RESCLIM_URB,RE1,2041,0.0
RE1,RESCLIM_URB,RE1,2042,0.0
RE1,RESCLIM_URB,RE1,2043,0.0
RE1,RESCLIM_URB,RE1,2044,0.0
RE1,RESCLIM_URB,RE1,2045,0.0
RE1,RESCLIM_URB,RE1,2046,0.0
RE1,RESCLIM_URB,RE1,2047,0.0
RE1,RESCLIM_URB,RE1,2048,0.0
RE1,RESCLIM_URB,RE1,2049,0.0
RE1,RESCLIM_URB,RE1,2050,0.0
RE1,RESCLIM_URB,RE1,2051,0.0
RE1,RESCLIM_URB,RE1,2052,0.0
RE1,RESCLIM_URB,RE1,2053,0.0
RE1,RESCLIM_URB,RE1,2054,0.0
RE1,RESTV_URB,RE1,2022,0.0
RE1,RESTV_URB,RE1,2023,0.0
RE1,RESTV_URB,RE1,2024,0.0
RE1,RESTV_URB,RE1,2025,0.0
RE1,RESTV_URB,RE1,2026,0.0
RE1,RESTV_URB,RE1,2027,0.0
RE1,RESTV_URB,RE1,2028,0.0
RE1,RESTV_URB,RE1,2029,0.0
RE1,RESTV_URB,RE1,2030,0.0
RE1,RESTV_URB,RE1,2031,0.0
RE1,RESTV_URB,RE1,2032,0.0
RE1,RESTV_URB,RE1,2033,0.0
RE1,RESTV_URB,RE1,2034,0.0
RE1,RESTV_URB,RE1,2035,0.0
RE1,RESTV_URB,RE1,2036,0.0
RE1,RESTV_URB,RE1,2037,0.0
RE1,RESTV_URB,RE1,2038,0.0
RE1,RESTV_URB,RE1,2039,0.0
RE1,RESTV_URB,RE1,2040,0.0
RE1,RESTV_URB,RE1,2041,0.0
RE1,RESTV_URB,RE1,2042,0.0
RE1,RESTV_URB,RE1,2043,0.0
RE1,RESTV_URB,RE1,2044,0.0
RE1,RESTV_URB,RE1,2045,0.0
RE1,RESTV_URB,RE1,2046,0.0
RE1,RESTV_URB,RE1,2047,0.0
RE1,RESTV_URB,RE1,2048,0.0
RE1,RESTV_URB,RE1,2049,0.0
RE1,RESTV_URB,RE1,2050,0.0
RE1,RESTV_URB,RE1,2051,0.0
RE1,RESTV_URB,RE1,2052,0.0
RE1,RESTV_URB,RE1,2053,0.0
RE1,RESTV_URB,RE1,2054,0.0
RE1,TERILU,RE1,2022,0.0
RE1,TERILU,RE1,2023,0.0
RE1,TERILU,RE1,2024,0.0
RE1,TERILU,RE1,2025,0.0
RE1,TERILU,RE1,2026,0.0
RE1,TERILU,RE1,2027,0.0
RE1,TERILU,RE1,2028,0.0
RE1,TERILU,RE1,2029,0.0
RE1,TERILU,RE1,2030,0.0
RE1,TERILU,RE1,2031,0.0
RE1,TERILU,RE1,2032,0.0
RE1,TERILU,RE1,2033,0.0
RE1,TERILU,RE1,2034,0.0
RE1,TERILU,RE1,2035,0.0
RE1,TERILU,RE1,2036,0.0
RE1,TERILU,RE1,2037,0.0
RE1,TERILU,RE1,2038,0.0
RE1,TERILU,RE1,2039,0.0
RE1,TERILU,RE1,2040,0.0
RE1,TERILU,RE1,2041,0.0
RE1,TERILU,RE1,2042,0.0
RE1,TERILU,RE1,2043,0.0
RE1,TERILU,RE1,2044,0.0
RE1,TERILU,RE1,2045,0.0
RE1,TERILU,RE1,2046,0.0
RE1,TERILU,RE1,2047,0.0
RE1,TERILU,RE1,2048,0.0
RE1,TERILU,RE1,2049,0.0
RE1,TERILU,RE1,2050,0.0
RE1,TERILU,RE1,2051,0.0
RE1,TERILU,RE1,2052,0.0
RE1,TERILU,RE1,2053,0.0
RE1,TERILU,RE1,2054,0.0
RE1,RESZNICKN,RE1,2022,0.0
RE1,RESZNICKN,RE1,2023,0.0
RE1,RESZNICKN,RE1,2024,0.0
RE1,RESZNICKN,RE1,2025,0.0
RE1,RESZNICKN,RE1,2026,0.0
RE1,RESZNICKN,RE1,2027,0.0
RE1,RESZNICKN,RE1,2028,0.0
RE1,RESZNICKN,RE1,2029,0.0
RE1,RESZNICKN,RE1,2030,0.0
RE1,RESZNICKN,RE1,2031,0.0
RE1,RESZNICKN,RE1,2032,0.0
RE1,RESZNICKN,RE1,2033,0.0
RE1,RESZNICKN,RE1,2034,0.0
RE1,RESZNICKN,RE1,2035,0.0
RE1,RESZNICKN,RE1,2036,0.0
RE1,RESZNICKN,RE1,2037,0.0
RE1,RESZNICKN,RE1,2038,0.0
RE1,RESZNICKN,RE1,2039,0.0
RE1,RESZNICKN,RE1,2040,0.0
RE1,RESZNICKN,RE1,2041,0.0
RE1,RESZNICKN,RE1,2042,0.0
RE1,RESZNICKN,RE1,2043,0.0
RE1,RESZNICKN,RE1,2044,0.0
RE1,RESZNICKN,RE1,2045,0.0
RE1,RESZNICKN,RE1,2046,0.0
RE1,RESZNICKN,RE1,2047,0.0
RE1,RESZNICKN,RE1,2048,0.0
RE1,RESZNICKN,RE1,2049,0.0
RE1,RESZNICKN,RE1,2050,0.0
RE1,RESZNICKN,RE1,2051,0.0
RE1,RESZNICKN,RE1,2052,0.0
RE1,RESZNICKN,RE1,2053,0.0
RE1,RESZNICKN,RE1,2054,0.0
RE1,INDCLIM,RE1,2022,0.0
RE1,INDCLIM,RE1,2023,0.0
RE1,INDCLIM,RE1,2024,0.0
RE1,INDCLIM,RE1,2025,0.0
RE1,INDCLIM,RE1,2026,0.0
RE1,INDCLIM,RE1,2027,0.0
RE1,INDCLIM,RE1,2028,0.0
RE1,INDCLIM,RE1,2029,0.0
RE1,INDCLIM,RE1,2030,0.0
RE1,INDCLIM,RE1,2031,0.0
RE1,INDCLIM,RE1,2032,0.0
RE1,INDCLIM,RE1,2033,0.0
RE1,INDCLIM,RE1,2034,0.0
RE1,INDCLIM,RE1,2035,0.0
RE1,INDCLIM,RE1,2036,0.0
RE1,INDCLIM,RE1,2037,0.0
RE1,INDCLIM,RE1,2038,0.0
RE1,INDCLIM,RE1,2039,0.0
RE1,INDCLIM,RE1,2040,0.0
RE1,INDCLIM,RE1,2041,0.0
RE1,INDCLIM,RE1,2042,0.0
RE1,INDCLIM,RE1,2043,0.0
RE1,INDCLIM,RE1,2044,0.0
RE1,INDCLIM,RE1,2045,0.0
RE1,INDCLIM,RE1,2046,0.0
RE1,INDCLIM,RE1,2047,0.0
RE1,INDCLIM,RE1,2048,0.0
RE1,INDCLIM,RE1,2049,0.0
RE1,INDCLIM,RE1,2050,0.0
RE1,INDCLIM,RE1,2051,0.0
RE1,INDCLIM,RE1,2052,0.0
RE1,INDCLIM,RE1,2053,0.0
RE1,INDCLIM,RE1,2054,0.0
RE1,INDREF,RE1,2022,0.0
RE1,INDREF,RE1,2023,0.0
RE1,INDREF,RE1,2024,0.0
RE1,INDREF,RE1,2025,0.0
RE1,INDREF,RE1,2026,0.0
RE1,INDREF,RE1,2027,0.0
RE1,INDREF,RE1,2028,0.0
RE1,INDREF,RE1,2029,0.0
RE1,INDREF,RE1,2030,0.0
RE1,INDREF,RE1,2031,0.0
RE1,INDREF,RE1,2032,0.0
RE1,INDREF,RE1,2033,0.0
RE1,INDREF,RE1,2034,0.0
RE1,INDREF,RE1,2035,0.0
RE1,INDREF,RE1,2036,0.0
RE1,INDREF,RE1,2037,0.0
RE1,INDREF,RE1,2038,0.0
RE1,INDREF,RE1,2039,0.0
RE1,INDREF,RE1,2040,0.0
RE1,INDREF,RE1,2041,0.0
RE1,INDREF,RE1,2042,0.0
RE1,INDREF,RE1,2043,0.0
RE1,INDREF,RE1,2044,0.0
RE1,INDREF,RE1,2045,0.0
RE1,INDREF,RE1,2046,0.0
RE1,INDREF,RE1,2047,0.0
RE1,INDREF,RE1,2048,0.0
RE1,INDREF,RE1,2049,0.0
RE1,INDREF,RE1,2050,0.0
RE1,INDREF,RE1,2051,0.0
RE1,INDREF,RE1,2052,0.0
RE1,INDREF,RE1,2053,0.0
RE1,INDREF,RE1,2054,0.0
RE1,BMET,RE1,2022,0.0
RE1,BMET,RE1,2023,0.0
RE1,BMET,RE1,2024,0.0
RE1,BMET,RE1,2025,0.0
RE1,BMET,RE1,2026,0.0
RE1,BMET,RE1,2027,0.0
RE1,BMET,RE1,2028,0.0
RE1,BMET,RE1,2029,0.0
RE1,BMET,RE1,2030,0.0
RE1,BMET,RE1,2031,0.0
RE1,BMET,RE1,2032,0.0
RE1,BMET,RE1,2033,0.0
RE1,BMET,RE1,2034,0.0
RE1,BMET,RE1,2035,0.0
RE1,BMET,RE1,2036,0.0
RE1,BMET,RE1,2037,0.0
RE1,BMET,RE1,2038,0.0
RE1,BMET,RE1,2039,0.0
RE1,BMET,RE1,2040,0.0
RE1,BMET,RE1,2041,0.0
RE1,BMET,RE1,2042,0.0
RE1,BMET,RE1,2043,0.0
RE1,BMET,RE1,2044,0.0
RE1,BMET,RE1,2045,0.0
RE1,BMET,RE1,2046,0.0
RE1,BMET,RE1,2047,0.0
RE1,BMET,RE1,2048,0.0
RE1,BMET,RE1,2049,0.0
RE1,BMET,RE1,2050,0.0
RE1,BMET,RE1,2051,0.0
RE1,BMET,RE1,2052,0.0
RE1,BMET,RE1,2053,0.0
RE1,BMET,RE1,2054,0.0
RE1,BMETL,RE1,2022,0.0
RE1,BMETL,RE1,2023,0.0
RE1,BMETL,RE1,2024,0.0
RE1,BMETL,RE1,2025,0.0
RE1,BMETL,RE1,2026,0.0
RE1,BMETL,RE1,2027,0.0
RE1,BMETL,RE1,2028,0.0
RE1,BMETL,RE1,2029,0.0
RE1,BMETL,RE1,2030,0.0
RE1,BMETL,RE1,2031,0.0
RE1,BMETL,RE1,2032,0.0
RE1,BMETL,RE1,2033,0.0
RE1,BMETL,RE1,2034,0.0
RE1,BMETL,RE1,2035,0.0
RE1,BMETL,RE1,2036,0.0
RE1,BMETL,RE1,2037,0.0
RE1,BMETL,RE1,2038,0.0
RE1,BMETL,RE1,2039,0.0
RE1,BMETL,RE1,2040,0.0
RE1,BMETL,RE1,2041,0.0
RE1,BMETL,RE1,2042,0.0
RE1,BMETL,RE1,2043,0.0
RE1,BMETL,RE1,2044,0.0
RE1,BMETL,RE1,2045,0.0
RE1,BMETL,RE1,2046,0.0
RE1,BMETL,RE1,2047,0.0
RE1,BMETL,RE1,2048,0.0
RE1,BMETL,RE1,2049,0.0
RE1,BMETL,RE1,2050,0.0
RE1,BMETL,RE1,2051,0.0
RE1,BMETL,RE1,2052,0.0
RE1,BMETL,RE1,2053,0.0
RE1,BMETL,RE1,2054,0.0
RE1,RESDHT_RUR,RE1,2022,0.0
RE1,RESDHT_RUR,RE1,2023,0.0
RE1,RESDHT_RUR,RE1,2024,0.0
RE1,RESDHT_RUR,RE1,2025,0.0
RE1,RESDHT_RUR,RE1,2026,0.0
RE1,RESDHT_RUR,RE1,2027,0.0
RE1,RESDHT_RUR,RE1,2028,0.0
RE1,RESDHT_RUR,RE1,2029,0.0
RE1,RESDHT_RUR,RE1,2030,0.0
RE1,RESDHT_RUR,RE1,2031,0.0
RE1,RESDHT_RUR,RE1,2032,0.0
RE1,RESDHT_RUR,RE1,2033,0.0
RE1,RESDHT_RUR,RE1,2034,0.0
RE1,RESDHT_RUR,RE1,2035,0.0
RE1,RESDHT_RUR,RE1,2036,0.0
RE1,RESDHT_RUR,RE1,2037,0.0
RE1,RESDHT_RUR,RE1,2038,0.0
RE1,RESDHT_RUR,RE1,2039,0.0
RE1,RESDHT_RUR,RE1,2040,0.0
RE1,RESDHT_RUR,RE1,2041,0.0
RE1,RESDHT_RUR,RE1,2042,0.0
RE1,RESDHT_RUR,RE1,2043,0.0
RE1,RESDHT_RUR,RE1,2044,0.0
RE1,RESDHT_RUR,RE1,2045,0.0
RE1,RESDHT_RUR,RE1,2046,0.0
RE1,RESDHT_RUR,RE1,2047,0.0
RE1,RESDHT_RUR,RE1,2048,0.0
RE1,RESDHT_RUR,RE1,2049,0.0
RE1,RESDHT_RUR,RE1,2050,0.0
RE1,RESDHT_RUR,RE1,2051,0.0
RE1,RESDHT_RUR,RE1,2052,0.0
RE1,RESDHT_RUR,RE1,2053,0.0
RE1,RESDHT_RUR,RE1,2054,0.0
RE1,RESILU_RUR,RE1,2022,0.0
RE1,RESILU_RUR,RE1,2023,0.0
RE1,RESILU_RUR,RE1,2024,0.0
RE1,RESILU_RUR,RE1,2025,0.0
RE1,RESILU_RUR,RE1,2026,0.0
RE1,RESILU_RUR,RE1,2027,0.0
RE1,RESILU_RUR,RE1,2028,0.0
RE1,RESILU_RUR,RE1,2029,0.0
RE1,RESILU_RUR,RE1,2030,0.0
RE1,RESILU_RUR,RE1,2031,0.0
RE1,RESILU_RUR,RE1,2032,0.0
RE1,RESILU_RUR,RE1,2033,0.0
RE1,RESILU_RUR,RE1,2034,0.0
RE1,RESILU_RUR,RE1,2035,0.0
RE1,RESILU_RUR,RE1,2036,0.0
RE1,RESILU_RUR,RE1,2037,0.0
RE1,RESILU_RUR,RE1,2038,0.0
RE1,RESILU_RUR,RE1,2039,0.0
RE1,RESILU_RUR,RE1,2040,0.0
RE1,RESILU_RUR,RE1,2041,0.0
RE1,RESILU_RUR,RE1,2042,0.0
RE1,RESILU_RUR,RE1,2043,0.0
RE1,RESILU_RUR,RE1,2044,0.0
RE1,RESILU_RUR,RE1,2045,0.0
RE1,RESILU_RUR,RE1,2046,0.0
RE1,RESILU_RUR,RE1,2047,0.0
RE1,RESILU_RUR,RE1,2048,0.0
RE1,RESILU_RUR,RE1,2049,0.0
RE1,RESILU_RUR,RE1,2050,0.0
RE1,RESILU_RUR,RE1,2051,0.0
RE1,RESILU_RUR,RE1,2052,0.0
RE1,RESILU_RUR,RE1,2053,0.0
RE1,RESILU_RUR,RE1,2054,0.0
RE1,RESREF_RUR,RE1,2022,0.0
RE1,RESREF_RUR,RE1,2023,0.0
RE1,RESREF_RUR,RE1,2024,0.0
RE1,RESREF_RUR,RE1,2025,0.0
RE1,RESREF_RUR,RE1,2026,0.0
RE1,RESREF_RUR,RE1,2027,0.0
RE1,RESREF_RUR,RE1,2028,0.0
RE1,RESREF_RUR,RE1,2029,0.0
RE1,RESREF_RUR,RE1,2030,0.0
RE1,RESREF_RUR,RE1,2031,0.0
RE1,RESREF_RUR,RE1,2032,0.0
RE1,RESREF_RUR,RE1,2033,0.0
RE1,RESREF_RUR,RE1,2034,0.0
RE1,RESREF_RUR,RE1,2035,0.0
RE1,RESREF_RUR,RE1,2036,0.0
RE1,RESREF_RUR,RE1,2037,0.0
RE1,RESREF_RUR,RE1,2038,0.0
RE1,RESREF_RUR,RE1,2039,0.0
RE1,RESREF_RUR,RE1,2040,0.0
RE1,RESREF_RUR,RE1,2041,0.0
RE1,RESREF_RUR,RE1,2042,0.0
RE1,RESREF_RUR,RE1,2043,0.0
RE1,RESREF_RUR,RE1,2044,0.0
RE1,RESREF_RUR,RE1,2045,0.0
RE1,RESREF_RUR,RE1,2046,0.0
RE1,RESREF_RUR,RE1,2047,0.0
RE1,RESREF_RUR,RE1,2048,0.0
RE1,RESREF_RUR,RE1,2049,0.0
RE1,RESREF_RUR,RE1,2050,0.0
RE1,RESREF_RUR,RE1,2051,0.0
RE1,RESREF_RUR,RE1,2052,0.0
RE1,RESREF_RUR,RE1,2053,0.0
RE1,RESREF_RUR,RE1,2054,0.0
RE1,RESTV_RUR,RE1,2022,0.0
RE1,RESTV_RUR,RE1,2023,0.0
RE1,RESTV_RUR,RE1,2024,0.0
RE1,RESTV_RUR,RE1,2025,0.0
RE1,RESTV_RUR,RE1,2026,0.0
RE1,RESTV_RUR,RE1,2027,0.0
RE1,RESTV_RUR,RE1,2028,0.0
RE1,RESTV_RUR,RE1,2029,0.0
RE1,RESTV_RUR,RE1,2030,0.0
RE1,RESTV_RUR,RE1,2031,0.0
RE1,RESTV_RUR,RE1,2032,0.0
RE1,RESTV_RUR,RE1,2033,0.0
RE1,RESTV_RUR,RE1,2034,0.0
RE1,RESTV_RUR,RE1,2035,0.0
RE1,RESTV_RUR,RE1,2036,0.0
RE1,RESTV_RUR,RE1,2037,0.0
RE1,RESTV_RUR,RE1,2038,0.0
RE1,RESTV_RUR,RE1,2039,0.0
RE1,RESTV_RUR,RE1,2040,0.0
RE1,RESTV_RUR,RE1,2041,0.0
RE1,RESTV_RUR,RE1,2042,0.0
RE1,RESTV_RUR,RE1,2043,0.0
RE1,RESTV_RUR,RE1,2044,0.0
RE1,RESTV_RUR,RE1,2045,0.0
RE1,RESTV_RUR,RE1,2046,0.0
RE1,RESTV_RUR,RE1,2047,0.0
RE1,RESTV_RUR,RE1,2048,0.0
RE1,RESTV_RUR,RE1,2049,0.0
RE1,RESTV_RUR,RE1,2050,0.0
RE1,RESTV_RUR,RE1,2051,0.0
RE1,RESTV_RUR,RE1,2052,0.0
RE1,RESTV_RUR,RE1,2053,0.0
RE1,RESTV_RUR,RE1,2054,0.0
RE1,RESWHT_RUR,RE1,2022,0.0
RE1,RESWHT_RUR,RE1,2023,0.0
RE1,RESWHT_RUR,RE1,2024,0.0
RE1,RESWHT_RUR,RE1,2025,0.0
RE1,RESWHT_RUR,RE1,2026,0.0
RE1,RESWHT_RUR,RE1,2027,0.0
RE1,RESWHT_RUR,RE1,2028,0.0
RE1,RESWHT_RUR,RE1,2029,0.0
RE1,RESWHT_RUR,RE1,2030,0.0
RE1,RESWHT_RUR,RE1,2031,0.0
RE1,RESWHT_RUR,RE1,2032,0.0
RE1,RESWHT_RUR,RE1,2033,0.0
RE1,RESWHT_RUR,RE1,2034,0.0
RE1,RESWHT_RUR,RE1,2035,0.0
RE1,RESWHT_RUR,RE1,2036,0.0
RE1,RESWHT_RUR,RE1,2037,0.0
RE1,RESWHT_RUR,RE1,2038,0.0
RE1,RESWHT_RUR,RE1,2039,0.0
RE1,RESWHT_RUR,RE1,2040,0.0
RE1,RESWHT_RUR,RE1,2041,0.0
RE1,RESWHT_RUR,RE1,2042,0.0
RE1,RESWHT_RUR,RE1,2043,0.0
RE1,RESWHT_RUR,RE1,2044,0.0
RE1,RESWHT_RUR,RE1,2045,0.0
RE1,RESWHT_RUR,RE1,2046,0.0
RE1,RESWHT_RUR,RE1,2047,0.0
RE1,RESWHT_RUR,RE1,2048,0.0
RE1,RESWHT_RUR,RE1,2049,0.0
RE1,RESWHT_RUR,RE1,2050,0.0
RE1,RESWHT_RUR,RE1,2051,0.0
RE1,RESWHT_RUR,RE1,2052,0.0
RE1,RESWHT_RUR,RE1,2053,0.0
RE1,RESWHT_RUR,RE1,2054,0.0
RE1,RESCLIM_RUR,RE1,2022,0.0
RE1,RESCLIM_RUR,RE1,2023,0.0
RE1,RESCLIM_RUR,RE1,2024,0.0
RE1,RESCLIM_RUR,RE1,2025,0.0
RE1,RESCLIM_RUR,RE1,2026,0.0
RE1,RESCLIM_RUR,RE1,2027,0.0
RE1,RESCLIM_RUR,RE1,2028,0.0
RE1,RESCLIM_RUR,RE1,2029,0.0
RE1,RESCLIM_RUR,RE1,2030,0.0
RE1,RESCLIM_RUR,RE1,2031,0.0
RE1,RESCLIM_RUR,RE1,2032,0.0
RE1,RESCLIM_RUR,RE1,2033,0.0
RE1,RESCLIM_RUR,RE1,2034,0.0
RE1,RESCLIM_RUR,RE1,2035,0.0
RE1,RESCLIM_RUR,RE1,2036,0.0
RE1,RESCLIM_RUR,RE1,2037,0.0
RE1,RESCLIM_RUR,RE1,2038,0.0
RE1,RESCLIM_RUR,RE1,2039,0.0
RE1,RESCLIM_RUR,RE1,2040,0.0
RE1,RESCLIM_RUR,RE1,2041,0.0
RE1,RESCLIM_RUR,RE1,2042,0.0
RE1,RESCLIM_RUR,RE1,2043,0.0
RE1,RESCLIM_RUR,RE1,2044,0.0
RE1,RESCLIM_RUR,RE1,2045,0.0
RE1,RESCLIM_RUR,RE1,2046,0.0
RE1,RESCLIM_RUR,RE1,2047,0.0
RE1,RESCLIM_RUR,RE1,2048,0.0
RE1,RESCLIM_RUR,RE1,2049,0.0
RE1,RESCLIM_RUR,RE1,2050,0.0
RE1,RESCLIM_RUR,RE1,2051,0.0
RE1,RESCLIM_RUR,RE1,2052,0.0
RE1,RESCLIM_RUR,RE1,2053,0.0
RE1,RESCLIM_RUR,RE1,2054,0.0
RE1,RESWSH_RUR,RE1,2022,0.0
RE1,RESWSH_RUR,RE1,2023,0.0
RE1,RESWSH_RUR,RE1,2024,0.0
RE1,RESWSH_RUR,RE1,2025,0.0
RE1,RESWSH_RUR,RE1,2026,0.0
RE1,RESWSH_RUR,RE1,2027,0.0
RE1,RESWSH_RUR,RE1,2028,0.0
RE1,RESWSH_RUR,RE1,2029,0.0
RE1,RESWSH_RUR,RE1,2030,0.0
RE1,RESWSH_RUR,RE1,2031,0.0
RE1,RESWSH_RUR,RE1,2032,0.0
RE1,RESWSH_RUR,RE1,2033,0.0
RE1,RESWSH_RUR,RE1,2034,0.0
RE1,RESWSH_RUR,RE1,2035,0.0
RE1,RESWSH_RUR,RE1,2036,0.0
RE1,RESWSH_RUR,RE1,2037,0.0
RE1,RESWSH_RUR,RE1,2038,0.0
RE1,RESWSH_RUR,RE1,2039,0.0
RE1,RESWSH_RUR,RE1,2040,0.0
RE1,RESWSH_RUR,RE1,2041,0.0
RE1,RESWSH_RUR,RE1,2042,0.0
RE1,RESWSH_RUR,RE1,2043,0.0
RE1,RESWSH_RUR,RE1,2044,0.0
RE1,RESWSH_RUR,RE1,2045,0.0
RE1,RESWSH_RUR,RE1,2046,0.0
RE1,RESWSH_RUR,RE1,2047,0.0
RE1,RESWSH_RUR,RE1,2048,0.0
RE1,RESWSH_RUR,RE1,2049,0.0
RE1,RESWSH_RUR,RE1,2050,0.0
RE1,RESWSH_RUR,RE1,2051,0.0
RE1,RESWSH_RUR,RE1,2052,0.0
RE1,RESWSH_RUR,RE1,2053,0.0
RE1,RESWSH_RUR,RE1,2054,0.0
RE1,RESOTH_RUR,RE1,2022,0.0
RE1,RESOTH_RUR,RE1,2023,0.0
RE1,RESOTH_RUR,RE1,2024,0.0
RE1,RESOTH_RUR,RE1,2025,0.0
RE1,RESOTH_RUR,RE1,2026,0.0
RE1,RESOTH_RUR,RE1,2027,0.0
RE1,RESOTH_RUR,RE1,2028,0.0
RE1,RESOTH_RUR,RE1,2029,0.0
RE1,RESOTH_RUR,RE1,2030,0.0
RE1,RESOTH_RUR,RE1,2031,0.0
RE1,RESOTH_RUR,RE1,2032,0.0
RE1,RESOTH_RUR,RE1,2033,0.0
RE1,RESOTH_RUR,RE1,2034,0.0
RE1,RESOTH_RUR,RE1,2035,0.0
RE1,RESOTH_RUR,RE1,2036,0.0
RE1,RESOTH_RUR,RE1,2037,0.0
RE1,RESOTH_RUR,RE1,2038,0.0
RE1,RESOTH_RUR,RE1,2039,0.0
RE1,RESOTH_RUR,RE1,2040,0.0
RE1,RESOTH_RUR,RE1,2041,0.0
RE1,RESOTH_RUR,RE1,2042,0.0
RE1,RESOTH_RUR,RE1,2043,0.0
RE1,RESOTH_RUR,RE1,2044,0.0
RE1,RESOTH_RUR,RE1,2045,0.0
RE1,RESOTH_RUR,RE1,2046,0.0
RE1,RESOTH_RUR,RE1,2047,0.0
RE1,RESOTH_RUR,RE1,2048,0.0
RE1,RESOTH_RUR,RE1,2049,0.0
RE1,RESOTH_RUR,RE1,2050,0.0
RE1,RESOTH_RUR,RE1,2051,0.0
RE1,RESOTH_RUR,RE1,2052,0.0
RE1,RESOTH_RUR,RE1,2053,0.0
RE1,RESOTH_RUR,RE1,2054,0.0
RE1,TRAMIC,RE1,2022,0.0
RE1,TRAMIC,RE1,2023,0.0
RE1,TRAMIC,RE1,2024,0.0
RE1,TRAMIC,RE1,2025,0.0
RE1,TRAMIC,RE1,2026,0.0
RE1,TRAMIC,RE1,2027,0.0
RE1,TRAMIC,RE1,2028,0.0
RE1,TRAMIC,RE1,2029,0.0
RE1,TRAMIC,RE1,2030,0.0
RE1,TRAMIC,RE1,2031,0.0
RE1,TRAMIC,RE1,2032,0.0
RE1,TRAMIC,RE1,2033,0.0
RE1,TRAMIC,RE1,2034,0.0
RE1,TRAMIC,RE1,2035,0.0
RE1,TRAMIC,RE1,2036,0.0
RE1,TRAMIC,RE1,2037,0.0
RE1,TRAMIC,RE1,2038,0.0
RE1,TRAMIC,RE1,2039,0.0
RE1,TRAMIC,RE1,2040,0.0
RE1,TRAMIC,RE1,2041,0.0
RE1,TRAMIC,RE1,2042,0.0
RE1,TRAMIC,RE1,2043,0.0
RE1,TRAMIC,RE1,2044,0.0
RE1,TRAMIC,RE1,2045,0.0
RE1,TRAMIC,RE1,2046,0.0
RE1,TRAMIC,RE1,2047,0.0
RE1,TRAMIC,RE1,2048,0.0
RE1,TRAMIC,RE1,2049,0.0
RE1,TRAMIC,RE1,2050,0.0
RE1,TRAMIC,RE1,2051,0.0
RE1,TRAMIC,RE1,2052,0.0
RE1,TRAMIC,RE1,2053,0.0
RE1,TRAMIC,RE1,2054,0.0
RE1,TRASTT,RE1,2022,0.0
RE1,TRASTT,RE1,2023,0.0
RE1,TRASTT,RE1,2024,0.0
RE1,TRASTT,RE1,2025,0.0
RE1,TRASTT,RE1,2026,0.0
RE1,TRASTT,RE1,2027,0.0
RE1,TRASTT,RE1,2028,0.0
RE1,TRASTT,RE1,2029,0.0
RE1,TRASTT,RE1,2030,0.0
RE1,TRASTT,RE1,2031,0.0
RE1,TRASTT,RE1,2032,0.0
RE1,TRASTT,RE1,2033,0.0
RE1,TRASTT,RE1,2034,0.0
RE1,TRASTT,RE1,2035,0.0
RE1,TRASTT,RE1,2036,0.0
RE1,TRASTT,RE1,2037,0.0
RE1,TRASTT,RE1,2038,0.0
RE1,TRASTT,RE1,2039,0.0
RE1,TRASTT,RE1,2040,0.0
RE1,TRASTT,RE1,2041,0.0
RE1,TRASTT,RE1,2042,0.0
RE1,TRASTT,RE1,2043,0.0
RE1,TRASTT,RE1,2044,0.0
RE1,TRASTT,RE1,2045,0.0
RE1,TRASTT,RE1,2046,0.0
RE1,TRASTT,RE1,2047,0.0
RE1,TRASTT,RE1,2048,0.0
RE1,TRASTT,RE1,2049,0.0
RE1,TRASTT,RE1,2050,0.0
RE1,TRASTT,RE1,2051,0.0
RE1,TRASTT,RE1,2052,0.0
RE1,TRASTT,RE1,2053,0.0
RE1,TRASTT,RE1,2054,0.0
